ingredient_id,ingredient_name,category,energy_kcal,protein_g,fat_g,carb_g,fiber_g,purine_mg,sodium_mg,potassium_mg,phosphorus_mg,cholesterol_mg,water_g,fructose_g,glucose_g,sucrose_g,calcium_mg,iron_mg,vitamin_c_mg
1001,Gạo nếp cái,Ngũ cốc và sản phẩm chế biến,344.0,8.5,1.5,74.5,0.6,,3.0,280.0,98.0,0.0,14.0,,,,32.0,1.2,0.0
1002,Gạo nếp máy,Ngũ cốc và sản phẩm chế biến,346.0,8.4,1.6,74.9,0.5,,3.0,282.0,130.0,0.0,13.9,,,,16.0,1.2,0.0
1003,Gạo tẻ giã,Ngũ cốc và sản phẩm chế biến,344.0,8.1,1.3,75.0,0.7,,5.0,202.0,108.0,0.0,14.0,,,,36.0,0.2,0.0
1004,Gạo tẻ máy,Ngũ cốc và sản phẩm chế biến,344.0,7.9,1.0,75.9,0.4,,5.0,241.0,104.0,0.0,14.0,,,,30.0,1.3,0.0
1005,Gạo lứt,Ngũ cốc và sản phẩm chế biến,345.0,7.5,2.7,72.8,3.4,,5.0,202.0,246.0,0.0,12.4,,,,16.0,2.8,0.0
1006,Kê,Ngũ cốc và sản phẩm chế biến,331.0,7.0,3.0,69.0,3.4,62.0,7.0,249.0,290.0,0.0,14.0,,,,22.0,2.7,0.0
1007,Ngô bắp tươi,Ngũ cốc và sản phẩm chế biến,196.0,4.1,2.3,39.6,1.2,52.0,3.0,306.0,170.0,0.0,52.0,0.2,0.6,,4.0,0.6,12.0
1008,Ngô vàng hạt khô,Ngũ cốc và sản phẩm chế biến,354.0,8.6,4.7,69.4,2.0,,35.0,287.0,190.0,0.0,14.0,,,,30.0,2.3,0.0
1009,Bánh bao nhân thịt,Ngũ cốc và sản phẩm chế biến,219.0,6.1,0.5,47.5,0.5,,,,88.0,0.0,44.0,,,,19.0,1.5,
1010,Bánh đa nem,Ngũ cốc và sản phẩm chế biến,333.0,4.0,0.2,78.9,0.5,,,,65.0,0.0,15.0,,,,20.0,0.3,0.0
1011,Bánh đút,Ngũ cốc và sản phẩm chế biến,52.0,0.9,0.3,11.3,0.1,,,,19.0,0.0,86.6,,,,50.0,0.4,0.0
1012,Bánh mì,Ngũ cốc và sản phẩm chế biến,249.0,7.9,0.8,52.6,0.2,,,,164.0,0.0,37.2,,,,28.0,2.0,0.0
1013,Bánh phở,Ngũ cốc và sản phẩm chế biến,143.0,3.2,0.4,31.7,0.0,,3.0,15.0,64.0,0.0,64.3,,,,16.0,0.3,0.0
1014,Bánh quẩy,Ngũ cốc và sản phẩm chế biến,292.0,8.0,10.8,40.7,0.7,,,,,0.0,38.7,,,,,,0.0
1015,Bổng ngô,Ngũ cốc và sản phẩm chế biến,372.0,8.6,1.6,80.8,3.4,,,,47.0,0.0,3.0,,,,3.0,0.6,0.0
1016,Bột gạo nếp,Ngũ cốc và sản phẩm chế biến,362.0,8.2,1.6,78.8,0.6,,3.0,293.0,148.0,0.0,10.0,,,,12.0,0.8,0.0
1017,Bột gạo tẻ,Ngũ cốc và sản phẩm chế biến,359.0,6.6,0.4,82.2,0.4,,,76.0,135.0,0.0,10.0,,,,24.0,1.9,0.0
1018,Bột mì,Ngũ cốc và sản phẩm chế biến,346.0,10.3,1.1,73.6,0.3,14.0,4.0,186.0,132.0,0.0,14.0,,,,29.0,2.0,0.0
1019,Bột ngô vàng,Ngũ cốc và sản phẩm chế biến,361.0,8.3,4.0,73.0,1.5,,5.0,315.0,170.0,0.0,12.0,,,,15.0,2.1,0.0
1020,Bún,Ngũ cốc và sản phẩm chế biến,72.0,1.7,,25.7,0.5,,,,32.0,0.0,72.0,,,,12.0,0.2,0.0
1021,Cốm,Ngũ cốc và sản phẩm chế biến,297.0,6.1,0.8,66.3,0.6,,,,143.0,0.0,25.0,,,,24.0,1.0,0.0
1022,Mì sợi,Ngũ cốc và sản phẩm chế biến,349.0,11.0,0.9,74.2,0.3,,,,97.0,0.0,13.0,,,,34.0,1.5,0.0
1023,Ngô nếp luộc,Ngũ cốc và sản phẩm chế biến,167.0,3.9,2.2,32.9,1.2,,,,146.0,0.0,59.0,,,,18.0,0.8,0.0
2001,Củ ấu,Khoai củ và thực phẩm chế biến,115.0,3.6,0.5,24.0,1.0,,,,49.0,0.0,69.2,,,,9.0,0.7,5.0
2002,Củ khoai mỡ,Khoai củ và thực phẩm chế biến,127.0,3.1,0.2,28.3,1.8,,12.0,397.0,32.0,0.0,65.5,,,,20.0,2.9,1.0
2003,Củ dong,Khoai củ và thực phẩm chế biến,119.0,1.4,,28.4,2.4,,,,21.0,0.0,66.5,,,,42.0,,
2004,Củ sắn,Khoai củ và thực phẩm chế biến,152.0,1.1,0.2,36.4,1.5,,2.0,394.0,30.0,0.0,60.0,,,,25.0,1.2,34.0
2005,Củ sắn dây,Khoai củ và thực phẩm chế biến,119.0,1.6,0.1,28.0,9.2,,,,45.0,0.0,60.3,,,,28.0,0.2,
2006,Củ súng khô (đã bỏ vỏ),Khoai củ và thực phẩm chế biến,350.0,16.1,0.5,70.3,2.3,,,,720.0,0.0,8.6,,,,100.0,0.2,
2007,Củ từ,Khoai củ và thực phẩm chế biến,92.0,1.5,,21.5,1.2,,,,30.0,0.0,75.5,,,,28.0,0.2,
2008,Khoai lang,Khoai củ và thực phẩm chế biến,119.0,0.8,0.2,28.5,1.3,,31.0,210.0,49.0,0.0,68.0,,,,34.0,1.0,23.0
2009,Khoai lang nghệ,Khoai củ và thực phẩm chế biến,116.0,1.2,0.3,27.1,0.8,,,,56.0,0.0,69.9,,,,36.0,0.9,30.0
2010,Khoai môn,Khoai củ và thực phẩm chế biến,109.0,1.5,0.2,25.2,1.2,,,,44.0,0.0,70.8,,,,44.0,0.8,4.0
2011,Khoai nước,Khoai củ và thực phẩm chế biến,98.0,1.0,0.1,23.3,2.0,,,,35.0,0.0,72.5,,,,52.0,0.2,3.0
2012,Khoai riềng,Khoai củ và thực phẩm chế biến,104.0,0.8,,25.1,2.5,,,,107.0,0.0,70.0,,,,64.0,1.7,
2013,Khoai sọ,Khoai củ và thực phẩm chế biến,114.0,1.8,0.1,26.5,1.2,,10.0,448.0,75.0,0.0,69.0,,,,64.0,1.5,4.0
2014,Khoai tây,Khoai củ và thực phẩm chế biến,93.0,2.0,0.1,20.9,1.0,16.0,7.0,396.0,50.0,0.0,75.0,,,,10.0,1.2,10.0
2015,Miến dong,Khoai củ và thực phẩm chế biến,332.0,0.6,0.1,82.2,1.5,,,,120.0,0.0,14.5,,,,40.0,1.0,
2016,Bột dong lọc,Khoai củ và thực phẩm chế biến,341.0,0.6,,84.7,0.5,,,,18.0,0.0,14.0,,,,37.0,1.7,
2017,Bột khoai lang,Khoai củ và thực phẩm chế biến,334.0,2.2,0.5,80.2,1.6,,,,95.0,0.0,14.0,,,,50.0,2.0,
2018,Bột khoai riềng,Khoai củ và thực phẩm chế biến,337.0,0.2,,84.1,1.5,,,,17.0,0.0,14.0,,,,16.0,,
2019,Bột khoai tây(lọc),Khoai củ và thực phẩm chế biến,345.0,1.0,0.3,84.4,0.4,,,,125.0,0.0,13.6,,,,30.0,3.0,
2020,Bột sắn,Khoai củ và thực phẩm chế biến,333.0,2.4,0.5,79.6,2.2,,,,37.0,0.0,14.0,,,,84.0,,
2021,Bột sắn dây,Khoai củ và thực phẩm chế biến,340.0,0.7,,84.3,0.8,,,,20.0,0.0,14.0,,,,18.0,1.5,
2022,Khoai lang khô,Khoai củ và thực phẩm chế biến,333.0,2.2,0.5,80.0,3.6,,86.0,584.0,137.0,0.0,11.0,,,,95.0,2.78,
2023,Khoai tây khô,Khoai củ và thực phẩm chế biến,330.0,6.6,0.3,75.1,3.4,,25.0,1410.0,180.0,0.0,11.0,,,,37.0,4.3,
2024,Khoai tây lát chiên,Khoai củ và thực phẩm chế biến,525.0,2.2,35.4,49.3,6.3,,,,130.0,0.0,3.0,,,,37.0,2.1,1.0
2025,Sắn khô,Khoai củ và thực phẩm chế biến,340.0,3.0,0.7,80.3,3.0,,,,81.0,0.0,11.0,,,,96.0,7.9,
2026,Trân châu sắn,Khoai củ và thực phẩm chế biến,341.0,1.0,,84.3,0.6,,,,50.0,0.0,14.0,,,,30.0,2.0,
3001,Cùi dừa giả,"Hạt, quả giàu đạm, béo và sản phẩm chế biến",368.0,4.8,36.0,6.2,,,7.0,,154.0,,47.6,,,,30.0,30.0,2.0
3002,Cùi dừa non,"Hạt, quả giàu đạm, béo và sản phẩm chế biến",40.0,3.5,1.7,2.6,3.5,,,,53.0,0.0,87.8,,,,4.0,1.0,6.0
3003,Đậu cô ve,"Hạt, quả giàu đạm, béo và sản phẩm chế biến",321.0,21.8,1.6,54.9,3.5,37.0,,,360.0,0.0,14.0,,,,96.0,,
3004,Đậu đen,"Hạt, quả giàu đạm, béo và sản phẩm chế biến",325.0,24.2,1.7,53.3,4.0,222.0,,,354.0,0.0,14.0,,,,56.0,6.1,3.0
3005,Đậu đũa (hạt),"Hạt, quả giàu đạm, béo và sản phẩm chế biến",320.0,23.7,2.0,51.9,4.3,,,,382.0,0.0,14.0,,,,110.0,6.5,1.0
3006,Đậu hà lan,"Hạt, quả giàu đạm, béo và sản phẩm chế biến",318.0,22.2,1.4,54.1,6.0,,9.0,135.0,303.0,0.0,13.6,,,,57.0,4.4,0.0
3007,Đậu tương ( Đậu nành),"Hạt, quả giàu đạm, béo và sản phẩm chế biến",400.0,34.0,18.4,24.6,4.5,,2.0,1504.0,690.0,0.0,14.0,,,,165.0,11.0,4.0
3008,Đậu trắng hạt (Đậu tây),"Hạt, quả giàu đạm, béo và sản phẩm chế biến",327.0,23.2,2.1,53.8,3.6,128.0,,,514.0,0.0,14.0,,,,160.0,6.8,3.0
3009,Đậu trứng cuốc,"Hạt, quả giàu đạm, béo và sản phẩm chế biến",321.0,25.8,2.0,50.0,4.8,0.0,,,,0.0,14.0,,,,,,
3010,Đậu xanh ( Đậu tắt),"Hạt, quả giàu đạm, béo và sản phẩm chế biến",328.0,23.4,2.4,53.1,4.7,,6.0,1132.0,377.0,0.0,14.0,,,,64.0,4.8,4.0
3011,Hạt dẻ to,"Hạt, quả giàu đạm, béo và sản phẩm chế biến",638.0,18.0,59.0,8.7,3.5,,,0.0,510.0,0.0,9.0,,,,61.0,2.3,3.0
3012,Hạt dẻ tươi,"Hạt, quả giàu đạm, béo và sản phẩm chế biến",223.0,4.2,1.1,49.1,,,3.0,447.0,96.0,0.0,44.0,,,,18.0,1.41,36.0
3013,Hạt dẻ khô,"Hạt, quả giàu đạm, béo và sản phẩm chế biến",363.0,6.8,1.8,79.8,,,5.0,726.0,155.0,0.0,8.9,,,,29.0,2.29,59.0
3014,Hạt đen,"Hạt, quả giàu đạm, béo và sản phẩm chế biến",472.0,17.3,29.0,35.5,3.5,,,,255.0,0.0,12.0,,,,84.0,,
3015,Hạt điều,"Hạt, quả giàu đạm, béo và sản phẩm chế biến",605.0,18.8,46.3,28.7,0.6,,12.0,660.0,462.0,0.0,3.4,,,,28.0,3.6,1.0
3016,Hạt mít,"Hạt, quả giàu đạm, béo và sản phẩm chế biến",166.0,0.7,1.1,38.3,,,,,34.0,0.0,58.2,,,,46.0,3.4,
3017,Lạc Hạt,"Hạt, quả giàu đạm, béo và sản phẩm chế biến",573.0,27.5,44.5,15.5,2.5,74.0,4.0,421.0,420.0,0.0,7.5,,,,68.0,2.2,
3018,Quả cọ tươi,"Hạt, quả giàu đạm, béo và sản phẩm chế biến",178.0,2.3,13.4,12.1,3.5,,,,34.0,0.0,67.1,,,,38.0,0.2,
3019,Quả đại hát tươi,"Hạt, quả giàu đạm, béo và sản phẩm chế biến",427.0,20.0,38.0,1.2,3.4,,,,440.0,0.0,35.0,,,,66.0,3.1,
3020,"Vừng ( Đen, Trắng)","Hạt, quả giàu đạm, béo và sản phẩm chế biến",568.0,20.1,46.4,17.6,3.5,62.0,11.0,468.0,629.0,0.0,7.6,,,,975.0,14.55,0.0
3021,Bột đậu tương đã loại béo ( Đậu nành),"Hạt, quả giàu đạm, béo và sản phẩm chế biến",321.0,49.0,1.0,29.0,2.5,,20.0,2384.0,602.0,0.0,14.0,,,,247.0,7.6,0.0
3022,Bột đậu tương rang chín,"Hạt, quả giàu đạm, béo và sản phẩm chế biến",418.0,41.0,18.0,22.9,2.5,,,,540.0,0.0,10.0,,,,189.0,7.5,
3023,Bột đậu xanh,"Hạt, quả giàu đạm, béo và sản phẩm chế biến",347.0,24.6,2.5,56.5,3.9,,6.0,1185.0,100.0,0.0,10.0,,,,50.0,1.0,4.0
3024,Bột lạc,"Hạt, quả giàu đạm, béo và sản phẩm chế biến",575.0,27.5,45.0,15.0,2.1,73.0,4.0,414.0,380.0,0.0,8.0,,,,80.0,3.0,
3025,Đậu phụ,"Hạt, quả giàu đạm, béo và sản phẩm chế biến",95.0,10.9,5.4,0.7,0.4,68.0,7.0,121.0,85.0,0.0,82.0,,,,24.0,2.2,0.0
3026,Đậu phụ chúc,"Hạt, quả giàu đạm, béo và sản phẩm chế biến",414.0,50.2,20.8,6.5,0.3,,,,225.0,0.0,18.5,,,,325.0,10.8,
3027,Đậu phụ nướng,"Hạt, quả giàu đạm, béo và sản phẩm chế biến",114.0,13.4,6.4,0.8,0.5,,,,167.0,0.0,78.2,,,,370.0,4.7,
3028,Hạt bí đỏ rang,"Hạt, quả giàu đạm, béo và sản phẩm chế biến",519.0,35.1,31.8,23.0,2.3,,,,900.0,0.0,3.6,,,,235.0,2.2,
3029,Hạt dương đỏ rang,"Hạt, quả giàu đạm, béo và sản phẩm chế biến",551.0,31.8,39.1,18.0,1.8,,,,751.0,0.0,4.8,,,,237.0,3.0,
3030,Hạt điều khô chiên dầu,"Hạt, quả giàu đạm, béo và sản phẩm chế biến",583.0,18.3,49.3,16.4,0.7,,,,411.0,0.0,12.7,,,,32.0,3.9,
3031,Sữa bột đầu nành,"Hạt, quả giàu đạm, béo và sản phẩm chế biến",405.0,31.1,9.7,48.2,2.2,,,,320.0,0.0,3.5,,,,224.0,7.5,
3032,Sữa đầu nành (100g đậu / lít),"Hạt, quả giàu đạm, béo và sản phẩm chế biến",28.0,3.1,1.6,0.4,0.1,,55.0,124.0,36.0,0.0,94.4,,,,18.0,1.2,
3033,Tàu phớ,"Hạt, quả giàu đạm, béo và sản phẩm chế biến",37.0,2.3,0.2,6.4,0.2,,,,150.0,0.0,90.0,,,,92.0,0.3,
4001,Bầu,"Rau, quả, củ dùng làm rau",14.0,0.6,0.02,2.9,1.0,,2.0,150.0,25.0,0.0,95.1,,,,21.0,0.2,12.0
4002,Bí đao( bí xanh),"Rau, quả, củ dùng làm rau",12.0,0.6,,2.4,1.0,,13.0,150.0,23.0,0.0,95.5,,,,26.0,0.3,16.0
4003,Bí ngô,"Rau, quả, củ dùng làm rau",17.0,0.3,0.1,6.1,0.7,,8.0,349.0,16.0,0.0,92.0,,,,24.0,0.5,8.0
4004,Cà bát,"Rau, quả, củ dùng làm rau",23.0,1.2,0.2,4.0,15.0,,2.0,280.0,16.0,0.0,92.5,,,,12.0,0.7,3.0
4005,Cà chua,"Rau, quả, củ dùng làm rau",20.0,0.6,0.2,4.0,0.8,11.0,12.0,275.0,26.0,0.0,94.0,1.37,1.25,0.0,12.0,1.4,40.0
4006,Cà pháo,"Rau, quả, củ dùng làm rau",20.0,1.5,,3.6,1.6,,7.0,221.0,16.0,0.0,92.5,,,,12.0,0.7,3.0
4007,"Cà rốt( củ đỏ, vàng)","Rau, quả, củ dùng làm rau",39.0,1.5,0.2,7.8,1.2,17.0,52.0,266.0,39.0,0.0,88.5,0.55,0.59,3.59,43.0,0.8,8.0
4008,Cà rốt khô,"Rau, quả, củ dùng làm rau",292.0,9.2,1.5,60.4,9.6,,0.0,0.0,292.0,0.0,14.0,,,,323.0,5.9,
4009,Cà tím,"Rau, quả, củ dùng làm rau",22.0,1.0,,4.5,1.5,21.0,0.0,0.0,34.0,0.0,92.5,,,,15.0,0.4,15.0
4010,Cải bắp,"Rau, quả, củ dùng làm rau",29.0,1.8,0.1,5.3,1.6,22.0,28.0,190.0,31.0,0.0,90.0,1.65,1.79,0.12,48.0,1.1,30.0
4011,Cải bắp đỏ,"Rau, quả, củ dùng làm rau",45.0,1.9,0.2,9.0,4.0,32.0,27.0,243.0,42.0,0.0,84.0,1.53,1.8,0.58,83.0,0.5,60.0
4012,Cải bắp khô,"Rau, quả, củ dùng làm rau",245.0,18.0,1.8,39.7,14.0,,,,106.0,0.0,16.0,,,,300.0,7.5,2.0
4013,Cải cúc,"Rau, quả, củ dùng làm rau",14.0,1.6,,1.9,2.0,,33.0,219.0,38.0,0.0,93.8,,,,63.0,0.8,27.0
4014,Cải soong,"Rau, quả, củ dùng làm rau",15.0,2.1,0.1,1.3,2.0,28.0,85.0,211.0,28.0,0.0,93.7,,,,69.0,1.6,25.0
4015,Cải thìa,"Rau, quả, củ dùng làm rau",17.0,1.4,0.2,2.4,1.8,,25.0,200.0,30.0,0.0,93.2,,,,50.0,0.7,26.0
4016,Cải xanh,"Rau, quả, củ dùng làm rau",16.0,1.7,0.2,1.9,1.8,,29.0,221.0,14.0,0.0,93.8,,,,89.0,1.9,51.0
4017,Cần ta,"Rau, quả, củ dùng làm rau",10.0,1.0,,1.5,1.5,,,,64.0,0.0,95.1,,,,310.0,3.0,6.0
4018,Cần tây,"Rau, quả, củ dùng làm rau",48.0,3.7,0.2,7.9,1.5,,96.0,326.0,128.0,0.0,85.0,0.51,0.55,0.11,325.0,8.0,150.0
4019,Chuối xanh,"Rau, quả, củ dùng làm rau",74.0,1.2,0.5,16.4,1.0,,13.0,256.0,27.0,0.0,80.2,,,,26.0,0.4,31.0
4020,Củ cải đỏ,"Rau, quả, củ dùng làm rau",48.0,1.3,,10.8,0.9,,,,43.0,0.0,86.0,,,,28.0,1.4,20.0
4021,Củ cải trắng,"Rau, quả, củ dùng làm rau",21.0,1.5,0.1,3.6,1.5,,10.0,242.0,41.0,0.0,92.1,,,,40.0,1.1,30.0
4022,Củ cải trắng khô,"Rau, quả, củ dùng làm rau",220.0,17.6,1.5,33.9,17.7,,278.0,3494.0,204.0,0.0,16.0,,,,629.0,6.73,0.0
4023,Củ đậu,"Rau, quả, củ dùng làm rau",28.0,1.0,,6.0,0.7,,,,16.0,0.0,92.0,,,,8.0,,6.0
4024,Củ niễng,"Rau, quả, củ dùng làm rau",30.0,2.0,,5.4,1.8,,,,92.0,0.0,90.2,,,,24.0,1.4,2.0
4025,Dọc củ cải ( non),"Rau, quả, củ dùng làm rau",14.0,1.9,,1.6,1.8,,,,57.0,0.0,93.6,,,,220.0,0.4,72.0
4026,Dọc mùng,"Rau, quả, củ dùng làm rau",5.0,0.4,,0.8,2.0,,,,,0.0,96.0,,,,,,
4027,Dưa chuột,"Rau, quả, củ dùng làm rau",16.0,0.8,0.1,2.9,0.7,7.0,13.0,169.0,27.0,0.0,95.0,0.87,0.76,0.03,23.0,1.0,5.0
4028,Dưa gang,"Rau, quả, củ dùng làm rau",11.0,0.8,,2.0,0.7,,,,37.0,0.0,96.2,,,,25.0,0.4,4.0
4029,Đậu cô ve,"Rau, quả, củ dùng làm rau",73.0,5.0,,13.3,1.0,37.0,96.0,254.0,122.0,0.0,80.0,,,,26.0,0.7,25.0
4030,Đậu đũa,"Rau, quả, củ dùng làm rau",59.0,6.0,0.4,7.9,2.0,,5.0,194.0,16.0,0.0,83.0,,,,47.0,1.6,22.0
4031,Đậu Hà Lan,"Rau, quả, củ dùng làm rau",72.0,6.5,0.4,10.6,1.0,,5.0,244.0,43.0,0.0,81.0,0.39,0.12,4.99,57.0,0.8,27.0
4032,Đậu rồng,"Rau, quả, củ dùng làm rau",34.0,1.9,0.1,6.3,1.6,,,,60.0,0.0,89.5,,,,63.0,1.3,22.0
4033,Đu đủ xanh,"Rau, quả, củ dùng làm rau",22.0,0.8,,4.6,2.0,,7.0,215.0,50.0,0.0,92.1,,,,63.0,0.9,40.0
4034,Gấc,"Rau, quả, củ dùng làm rau",122.0,2.1,7.9,10.5,1.8,,,,6.0,0.0,77.0,,,,56.0,1.2,11.0
4035,Giá đậu tương,"Rau, quả, củ dùng làm rau",79.0,7.7,1.8,8.0,0.7,80.0,14.0,484.0,58.0,0.0,80.8,,,,52.0,1.1,10.0
4036,Giá đậu xanh,"Rau, quả, củ dùng làm rau",44.0,5.5,0.2,5.1,2.0,,23.0,164.0,91.0,0.0,86.5,,,,38.0,1.4,10.0
4037,Hành củ tươi,"Rau, quả, củ dùng làm rau",26.0,1.3,0.4,4.4,0.7,,17.0,212.0,49.0,0.0,92.5,,,,32.0,1.1,10.0
4038,Hành lá (hành hoa),"Rau, quả, củ dùng làm rau",22.0,1.3,,4.3,0.9,,16.0,123.0,41.0,0.0,92.5,,,,80.0,1.0,60.0
4039,Hành tây,"Rau, quả, củ dùng làm rau",41.0,1.8,0.1,8.2,1.1,13.0,8.0,221.0,58.0,0.0,88.0,1.16,1.95,1.16,38.0,0.8,10.0
4040,Hạt sen tươi,"Rau, quả, củ dùng làm rau",161.0,9.5,0.5,29.5,0.8,,1.0,367.0,164.0,0.0,57.9,,,,76.0,1.4,17.0
4041,Hạt sen khô,"Rau, quả, củ dùng làm rau",334.0,20.0,2.4,58.0,2.2,,5.0,1368.0,285.0,0.0,14.0,,,,89.0,6.4,0.0
4042,Hẹ lá,"Rau, quả, củ dùng làm rau",18.0,2.2,0.3,1.5,0.9,,6.0,234.0,45.0,0.0,94.5,,,,56.0,1.3,19.0
4043,Hoa chuối,"Rau, quả, củ dùng làm rau",20.0,1.5,,3.5,2.0,,,,32.0,0.0,92.0,,,,44.0,0.9,5.0
4044,Hoa Lý,"Rau, quả, củ dùng làm rau",23.0,2.9,,2.8,3.0,,,,53.0,0.0,90.5,,,,52.0,1.2,48.0
4045,Khế,"Rau, quả, củ dùng làm rau",16.0,0.6,0.3,2.8,2.6,,2.0,133.0,8.0,0.0,93.5,,,,10.0,0.9,30.0
4046,Lá Lốt,"Rau, quả, củ dùng làm rau",39.0,4.3,,5.4,2.5,,15.0,598.0,980.0,0.0,86.5,,,,260.0,4.1,34.0
4047,Lá me,"Rau, quả, củ dùng làm rau",46.0,7.5,,4.0,,,,,,0.0,86.0,,,,319.0,,
4048,Lá mơ lông,"Rau, quả, củ dùng làm rau",27.0,3.9,,2.9,5.1,,,,3.0,0.0,86.1,,,,211.0,,75.0
4049,Lá sắn tươi,"Rau, quả, củ dùng làm rau",78.0,7.0,,12.6,4.3,,,,27.0,0.0,74.8,,,,200.0,1.9,295.0
4050,Măng chua,"Rau, quả, củ dùng làm rau",11.0,1.4,,1.4,4.1,,9.0,486.0,29.0,0.0,92.8,,,,18.0,0.9,9.0
4051,Măng khô,"Rau, quả, củ dùng làm rau",157.0,13.0,2.1,21.5,36.0,,,,200.0,0.0,23.0,,,,100.0,5.0,1.0
4052,Măng tây,"Rau, quả, củ dùng làm rau",14.0,2.2,0.1,1.1,2.3,23.0,2.0,202.0,6.0,0.0,93.7,,,,21.0,0.9,10.0
4053,Măng tre,"Rau, quả, củ dùng làm rau",15.0,1.7,0.3,1.4,4.1,29.0,4.0,533.0,58.0,0.0,92.0,,,,22.0,1.0,1.0
4054,Mướp,"Rau, quả, củ dùng làm rau",17.0,0.9,0.2,2.8,0.5,,3.0,139.0,45.0,0.0,95.1,,,,28.0,0.8,8.0
4055,Mướp đắng,"Rau, quả, củ dùng làm rau",16.0,0.9,0.2,2.8,1.1,,5.0,296.0,29.0,0.0,94.4,,,,18.0,0.6,22.0
4056,Mướp nhật bản,"Rau, quả, củ dùng làm rau",10.0,0.8,0.0,1.8,1.4,,,,22.0,0.0,95.4,,,,30.0,0.3,
4057,Ngải cứu,"Rau, quả, củ dùng làm rau",25.0,3.8,0.0,2.4,2.0,,,,45.0,0.0,89.7,,,,136.0,3.1,
4058,Ngô bao tử,"Rau, quả, củ dùng làm rau",40.0,2.2,0.2,7.4,0.4,,,,52.0,0.0,89.2,,,,5.0,0.9,34.0
4059,Ngó sen,"Rau, quả, củ dùng làm rau",61.0,1.0,0.1,13.9,1.2,,40.0,556.0,51.0,0.0,82.9,,,,19.0,0.5,25.0
4060,Nụ mướp,"Rau, quả, củ dùng làm rau",30.0,4.9,,2.5,1.5,,,,80.0,0.0,90.0,,,,140.0,1.2,
4061,Ớt đỏ to,"Rau, quả, củ dùng làm rau",23.0,1.0,0.3,4.0,2.0,,2.0,211.0,26.0,0.0,92.2,,,,7.0,0.43,190.0
4062,Ớt vàng to,"Rau, quả, củ dùng làm rau",29.0,1.3,0.2,5.5,1.4,,15.0,275.0,120.0,0.0,91.0,,,,86.0,3.6,250.0
4063,Ớt xanh to,"Rau, quả, củ dùng làm rau",25.0,1.3,0.2,4.5,1.5,,3.0,175.0,25.0,0.0,92.0,,,,6.0,0.8,103.0
4064,Quả doc,"Rau, quả, củ dùng làm rau",19.0,0.8,0.0,3.9,,,,,5.0,0.0,95.0,,,,21.0,,
4065,Quả me chua,"Rau, quả, củ dùng làm rau",27.0,1.9,,4.8,2.0,,,,46.0,0.0,90.3,,,,130.0,0.4,12.0
4066,Rau bí,"Rau, quả, củ dùng làm rau",18.0,2.7,,1.7,1.7,,17.0,390.0,26.0,0.0,93.2,,,,100.0,2.1,11.0
4067,Rau câu khô,"Rau, quả, củ dùng làm rau",198.0,11.2,1.1,35.8,20.8,,102.0,1125.0,124.0,0.0,20.0,,,,378.0,8.8,0.0
4068,Rau câu tươi,"Rau, quả, củ dùng làm rau",25.0,1.9,0.1,4.1,5.0,,9.0,226.0,34.0,0.0,86.2,,,,85.0,0.9,0.0
4069,Rau diếp,"Rau, quả, củ dùng làm rau",14.0,1.2,0.2,1.8,0.5,,37.0,254.0,14.0,0.0,95.7,,,,38.0,1.1,30.0
4070,Rau đay,"Rau, quả, củ dùng làm rau",25.0,2.8,0.3,3.0,1.5,,16.0,417.0,57.0,0.0,91.4,,,,182.0,7.7,77.0
4071,"Rau Giấp Cá , Diếp cá","Rau, quả, củ dùng làm rau",22.0,2.9,,2.7,1.8,,,,,0.0,91.5,,,,,,68.0
4072,Rau giền cơm,"Rau, quả, củ dùng làm rau",21.0,3.4,0.3,1.1,1.6,,20.0,611.0,76.0,0.0,92.0,,,,341.0,4.1,63.0
4073,Rau giền đỏ,"Rau, quả, củ dùng làm rau",41.0,3.3,0.3,6.2,1.6,,56.0,476.0,123.0,0.0,86.2,,,,288.0,5.4,89.0
4074,Rau giền trắng,"Rau, quả, củ dùng làm rau",42.0,3.2,0.4,6.3,1.5,,,,80.0,0.0,86.7,,,,288.0,6.1,27.0
4075,Rau húng,"Rau, quả, củ dùng làm rau",20.0,2.2,0.6,1.5,3.5,,91.0,148.0,83.0,0.0,91.4,,,,202.0,4.8,27.0
4076,Rau khoai lang,"Rau, quả, củ dùng làm rau",23.0,2.6,0.3,2.5,1.4,,19.0,498.0,54.0,0.0,91.9,,,,48.0,2.7,11.0
4077,Rau kinh giới,"Rau, quả, củ dùng làm rau",22.0,2.7,,2.8,3.6,,2.0,211.0,15.0,0.0,90.3,,,,246.0,1.0,110.0
4078,Rau má rừng,"Rau, quả, củ dùng làm rau",25.0,3.1,,3.1,1.5,,,,24.0,0.0,91.1,,,,172.0,0.2,20.0
4079,"Rau má, má mơ","Rau, quả, củ dùng làm rau",20.0,3.2,,1.8,4.5,,,,2.0,0.0,88.2,,,,229.0,3.1,37.0
4080,Rau mồng tơi,"Rau, quả, củ dùng làm rau",14.0,2.0,,1.4,2.5,,38.0,391.0,34.0,0.0,93.2,,,,176.0,1.6,72.0
4081,Rau mùi,"Rau, quả, củ dùng làm rau",16.0,2.6,0.5,0.2,1.8,,46.0,521.0,80.0,0.0,93.3,,,,133.0,4.5,140.0
4082,Rau mùi tàu,"Rau, quả, củ dùng làm rau",25.0,2.1,0.8,2.4,1.6,,39.0,237.0,30.0,0.0,92.0,,,,20.0,2.9,177.0
4083,Rau muống,"Rau, quả, củ dùng làm rau",25.0,3.2,0.4,2.1,1.0,57.0,37.0,331.0,37.0,0.0,92.0,,,,100.0,1.4,23.0
4084,Rau muống khô,"Rau, quả, củ dùng làm rau",245.0,34.2,1.8,23.0,12.0,,,,300.0,0.0,14.0,,,,880.0,15.2,10.0
4085,Rau ngố,"Rau, quả, củ dùng làm rau",15.0,1.5,,2.3,2.1,,5.0,222.0,18.0,0.0,93.3,,,,84.0,2.2,78.0
4086,Rau ngót,"Rau, quả, củ dùng làm rau",35.0,5.3,,3.4,2.5,,25.0,457.0,65.0,0.0,86.4,,,,169.0,2.7,185.0
4087,Rau ngót khô,"Rau, quả, củ dùng làm rau",239.0,32.2,2.6,21.8,15.0,,,,,0.0,14.0,,,,,,
4088,Rau râm,"Rau, quả, củ dùng làm rau",30.0,4.7,,2.8,3.8,,5.0,216.0,55.0,0.0,86.7,,,,316.0,2.2,57.0
4089,Rau rút,"Rau, quả, củ dùng làm rau",28.0,5.1,,1.8,1.9,,,,59.0,0.0,90.4,,,,180.0,,
4090,Rau xà lách,"Rau, quả, củ dùng làm rau",17.0,1.5,0.4,1.8,0.5,13.0,59.0,333.0,34.0,0.0,95.0,,,,77.0,0.9,15.0
4091,Rau Sam,"Rau, quả, củ dùng làm rau",18.0,1.4,,3.0,0.7,,,,56.0,0.0,93.6,,,,85.0,1.5,26.0
4092,Rau sắng,"Rau, quả, củ dùng làm rau",48.0,6.5,,5.5,3.4,,,,80.0,0.0,82.4,,,,110.0,,114.0
4093,Rau tàu bay,"Rau, quả, củ dùng làm rau",18.0,2.5,,1.9,1.6,,,,25.0,0.0,93.1,,,,81.0,,10.0
4094,Rau thơm,"Rau, quả, củ dùng làm rau",18.0,2.0,,2.4,3.0,,6.0,217.0,49.0,0.0,91.7,,,,170.0,3.8,41.0
4095,Sấu xanh,"Rau, quả, củ dùng làm rau",19.0,1.8,,3.0,,,,,6.0,0.0,94.7,,,,135.0,,
4096,Su hào,"Rau, quả, củ dùng làm rau",37.0,2.8,0.1,6.2,1.7,25.0,53.0,321.0,50.0,0.0,88.0,,,,46.0,0.6,40.0
4097,Su hào khô,"Rau, quả, củ dùng làm rau",261.0,20.0,1.4,42.1,12.5,,,,,0.0,15.0,,,,,,3.0
4098,"Su Su, quả","Rau, quả, củ dùng làm rau",19.0,0.8,0.1,3.6,1.0,,2.0,125.0,14.0,0.0,94.0,,,,17.0,0.4,4.0
4099,Súp lơ trắng,"Rau, quả, củ dùng làm rau",30.0,2.5,0.1,4.8,0.9,51.0,20.0,349.0,51.0,0.0,90.9,,,,26.0,1.4,70.0
4100,Súp lơ xanh,"Rau, quả, củ dùng làm rau",26.0,3.0,0.3,2.9,3.2,,23.0,300.0,62.0,0.0,89.8,,,,33.0,0.73,88.0
4101,Thìa là,"Rau, quả, củ dùng làm rau",28.0,2.6,1.1,1.8,5.0,,48.0,361.0,12.0,0.0,88.4,,,,200.0,1.2,63.0
4102,Tía tô,"Rau, quả, củ dùng làm rau",25.0,2.9,,3.4,3.6,,3.0,284.0,18.0,0.0,89.1,,,,190.0,3.2,13.0
4103,Tỏi ta,"Rau, quả, củ dùng làm rau",121.0,6.0,0.5,23.0,1.5,,18.0,373.0,181.0,0.0,67.7,,,,24.0,1.5,10.0
4104,Tỏi tây ( cả lá),"Rau, quả, củ dùng làm rau",29.0,1.4,,5.9,1.5,,,,58.0,0.0,90.0,,,,80.0,2.0,20.0
4105,Trám đen chín,"Rau, quả, củ dùng làm rau",114.0,2.5,10.0,3.6,4.9,,,,30.0,0.0,77.0,,,,140.0,,14.0
4106,"Trám xanh sống, trám trắng","Rau, quả, củ dùng làm rau",37.0,1.2,1.6,4.4,4.9,,,,9.0,0.0,86.7,,,,136.0,,20.0
4107,Xương sông,"Rau, quả, củ dùng làm rau",15.0,2.2,,1.5,3.2,,12.0,424.0,17.0,0.0,91.7,,,,112.0,4.0,4.0
4108,Cà chua muối,"Rau, quả, củ dùng làm rau",6.0,0.6,,1.0,0.8,,,,,0.0,94.0,,,,,,
4109,Cà muối nén,"Rau, quả, củ dùng làm rau",13.0,1.3,,2.0,1.7,,,,18.0,0.0,81.0,,,,15.0,0.8,
4110,Cà muối xối,"Rau, quả, củ dùng làm rau",16.0,1.5,,2.5,1.7,,,,,0.0,84.3,,,,,,
4111,Dưa cải bắp,"Rau, quả, củ dùng làm rau",18.0,1.2,,3.3,1.6,,,,34.0,0.0,90.9,,,,51.0,0.3,20.0
4112,Dưa cải bẹ,"Rau, quả, củ dùng làm rau",17.0,1.8,,2.4,2.1,,,,21.0,0.0,90.1,,,,100.0,3.0,3.0
4113,Dưa cải sen,"Rau, quả, củ dùng làm rau",10.0,1.1,,1.3,1.8,,,,41.0,0.0,93.8,,,,63.0,,
4114,Dưa chuột muối,"Rau, quả, củ dùng làm rau",13.0,0.8,,2.5,0.7,,1208.0,23.0,20.0,0.0,92.1,,,,25.0,1.2,4.0
4115,Dưa giá ( đậu xanh),"Rau, quả, củ dùng làm rau",39.0,5.0,,4.8,2.0,,,,33.0,0.0,86.2,,,,22.0,1.1,
4116,Hành củ muối,"Rau, quả, củ dùng làm rau",22.0,1.4,,4.0,0.7,,,,5.0,0.0,88.5,,,,12.0,1.3,
4117,Kiệu muối,"Rau, quả, củ dùng làm rau",24.0,1.3,,4.7,1.2,,,,35.0,0.0,89.5,,,,50.0,1.2,12.0
4118,"Nhút (Muối từ mít non, ngọn đậu xanh non..)","Rau, quả, củ dùng làm rau",16.0,2.5,,1.5,2.3,,,,33.0,0.0,84.9,,,,204.0,9.0,
4119,Men bia khô,"Rau, quả, củ dùng làm rau",340.0,52.5,3.2,25.4,6.6,,,,1291.0,0.0,7.5,,,,44.0,16.1,
4120,Men bia tươi,"Rau, quả, củ dùng làm rau",95.0,16.2,1.3,4.5,2.0,,,,272.0,0.0,74.6,,,,30.0,5.0,
4121,Mộc nhĩ,"Rau, quả, củ dùng làm rau",304.0,10.6,0.2,65.0,7.0,,70.0,708.0,201.0,0.0,11.4,,,,357.0,56.1,1.0
4122,Nấm hương khô,"Rau, quả, củ dùng làm rau",274.0,36.0,4.0,23.5,17.0,,,,606.0,0.0,13.0,,,,184.0,35.0,
4123,Nấm hương tươi,"Rau, quả, củ dùng làm rau",39.0,5.5,0.5,3.1,3.0,,,,89.0,0.0,87.0,,,,27.0,5.2,
4124,Nấm mỡ ( nấm tây),"Rau, quả, củ dùng làm rau",32.0,4.0,0.3,3.4,1.1,58.0,12.0,322.0,80.0,0.0,90.4,,,,28.0,1.3,4.0
4125,Nấm rơm,"Rau, quả, củ dùng làm rau",57.0,3.6,3.2,3.4,1.1,,,,80.0,0.0,87.9,,,,28.0,1.2,2.0
4139,Rong biển,"Rau, quả, củ dùng làm rau",700.0,20.0,60.0,,,,1600.0,,,,,,,,,,
4126,Nấm thường tươi.,"Rau, quả, củ dùng làm rau",34.0,4.6,0.8,2.2,3.5,,0.8,4.6,34.0,0.0,88.0,0.17,1.48,0.0,2.0,0.7,6.0
5001,Bưởi,Quả chín,30.0,0.2,0.0,7.3,0.7,,3.0,159.0,18.0,0.0,91.4,,,,23.0,0.5,95.0
5002,Cam,Quả chín,38.0,0.9,0.1,8.3,1.4,19.0,4.0,108.0,23.0,0.0,88.8,,,,34.0,0.4,40.0
5003,Chanh,Quả chín,24.0,0.9,0.3,4.5,1.3,,3.0,145.0,22.0,0.0,92.5,,,,40.0,0.6,77.0
5004,Chôm chôm,Quả chín,72.0,1.5,0.0,16.4,1.3,,,,15.0,0.0,83.3,,,,28.0,0.5,
5005,Chuối khô,Quả chín,292.0,5.0,0.0,68.0,2.3,,,,,0.0,22.0,,,,,,
5006,Chuối tây,Quả chín,56.0,0.9,0.3,12.4,2.6,57.0,17.0,286.0,25.0,0.0,83.2,4.85,4.98,3.39,12.0,0.5,6.0
5007,Chuối tiêu,Quả chín,97.0,1.5,0.2,22.2,0.8,,19.0,329.0,28.0,0.0,74.4,,,,8.0,0.6,6.0
5008,Dâu Gia,Quả chín,27.0,0.6,,6.2,,,,,12.0,0.0,92.8,,,,20.0,0.5,2.0
5009,Dâu tây,Quả chín,43.0,1.8,0.4,8.1,4.0,21.0,37.0,292.0,23.0,0.0,84.9,,,,22.0,0.7,60.0
5010,Dưa bở,Quả chín,18.0,0.5,0.2,3.6,0.7,33.0,0.0,201.0,36.0,0.0,94.5,1.37,1.57,4.87,36.0,0.3,9.0
5011,Dưa hấu,Quả chín,16.0,1.2,0.2,2.3,0.5,,5.0,187.0,13.0,0.0,95.5,3.36,1.58,1.21,8.0,1.0,7.0
5012,Dưa hồng,Quả chín,17.0,0.3,0.1,3.7,0.4,,18.0,228.0,12.0,0.0,95.0,2.96,2.68,2.48,27.0,0.4,7.0
5013,Dưa lê,Quả chín,18.0,0.4,0.0,4.2,0.5,,,,21.0,0.0,93.3,,,,11.0,0.6,
5014,Dứa ta,Quả chín,29.0,0.8,,6.5,0.8,,24.0,157.0,17.0,0.0,91.5,,,,15.0,0.5,24.0
5015,Dứa tây,Quả chín,38.0,0.5,0.1,8.8,0.4,19.0,1.0,115.0,11.0,0.0,89.7,2.05,1.74,5.47,32.0,0.3,26.0
5016,Đào,Quả chín,31.0,0.9,0.2,6.3,1.5,21.0,0.0,190.0,34.0,0.0,90.5,1.53,1.95,4.76,20.0,0.45,10.0
5017,Đu đủ chín,Quả chín,36.0,1.0,0.1,7.6,0.6,,4.0,221.0,32.0,0.0,90.1,,,,40.0,2.6,54.0
5018,Gioi,Quả chín,16.0,0.4,0.3,3.2,2.9,,0.0,123.0,6.0,0.0,93.0,,,,12.0,0.5,30.0
5019,Hồng bì,Quả chín,34.0,1.4,,7.2,2.4,,,,9.0,0.0,88.2,,,,48.0,0.4,24.0
5020,Hồng đỏ,Quả chín,29.0,0.7,0.2,6.0,2.5,,4.0,214.0,19.0,0.0,90.0,5.56,5.44,1.54,10.0,0.2,16.0
5021,Hồng ngâm,Quả chín,38.0,0.9,,8.6,2.5,,3.0,217.0,19.0,0.0,87.5,,,,10.0,0.2,16.0
5022,Hồng Xiêm,Quả chín,48.0,0.5,0.7,10.0,2.5,,12.0,193.0,24.0,0.0,85.7,,,,52.0,2.3,8.0
5023,Lê,Quả chín,45.0,0.7,0.2,10.2,0.6,12.0,5.0,88.0,16.0,0.0,87.8,6.23,2.76,0.78,19.0,2.3,4.0
5024,Lựu,Quả chín,70.0,0.6,0.3,16.2,2.5,,3.0,259.0,23.0,0.0,79.6,,,,13.0,0.7,6.0
5025,Mãng cầu xiêm,Quả chín,53.0,1.8,0.6,10.1,1.9,,4.0,382.0,14.0,0.0,84.7,,,,38.0,0.7,19.0
5026,Mắc coọc,Quả chín,24.0,0.2,,5.7,,,,,7.0,0.0,93.8,,,,32.0,0.6,2.0
5027,Mận,Quả chín,20.0,0.6,0.2,3.9,0.7,24.0,0.0,157.0,20.0,0.0,94.1,3.07,5.07,1.57,28.0,0.4,3.0
5028,Mít dai,Quả chín,50.0,0.6,0.3,11.1,1.2,,3.0,368.0,28.0,0.0,85.4,,,,21.0,0.4,5.0
5029,Mít khô,Quả chín,280.0,2.9,,67.0,1.5,,,,,0.0,26.0,,,,,,
5030,Mít mật,Quả chín,62.0,1.5,,14.0,1.2,,,,28.0,,82.2,,,,21.0,0.4,5.0
5031,Mơ,Quả chín,48.0,0.9,0.4,10.1,0.8,,1.0,259.0,26.0,0.0,87.1,0.94,2.37,5.87,28.0,2.1,7.0
5032,Mơ khô,Quả chín,273.0,3.0,1.1,62.8,4.1,73.0,10.0,1162.0,106.0,0.0,25.9,12.47,33.08,7.89,62.0,4.5,5.0
5033,"Muỗm, quéo",Quả chín,67.0,0.6,0.4,15.3,0.4,,,,4.0,0.0,82.9,,,,4.0,0.2,60.0
5034,Na,Quả chín,66.0,1.6,0.3,14.2,0.8,,22.0,260.0,45.0,0.0,82.5,,,,35.0,0.6,36.0
5035,Nhãn,Quả chín,48.0,0.9,0.1,10.9,1.0,,26.0,257.0,12.0,0.0,86.3,,,,21.0,0.4,58.0
5036,Nhãn khô,Quả chín,285.0,4.3,0.5,65.9,1.7,,48.0,658.0,117.0,0.0,25.0,,,,32.0,4.4,34.0
5037,Nho ngọt,Quả chín,68.0,0.4,0.2,16.3,0.6,27.0,2.0,191.0,22.0,0.0,82.1,8.13,7.2,0.15,17.0,0.6,3.0
5038,Nho ta ( nho chua),Quả chín,14.0,0.4,,3.1,2.4,,11.0,120.0,21.0,0.0,93.6,,,,40.0,1.4,45.0
5039,Nhót,Quả chín,13.0,1.2,,2.1,2.3,,,,30.0,0.0,94.0,,,,27.0,0.2,
5040,Ổi,Quả chín,38.0,0.6,1.0,6.8,6.0,,4.0,291.0,16.0,0.0,85.0,,,,10.0,1.3,62.0
5041,Quả bơ vỏ tím,Quả chín,74.0,1.8,6.2,2.8,0.4,,,,69.0,0.0,88.3,,,,49.0,1.4,
5042,Quả bơ vỏ xanh,Quả chín,101.0,1.9,9.4,2.3,0.5,,2.0,351.0,85.0,0.0,85.4,0.25,2.17,0.0,60.0,1.6,17.0
5043,Quả cóc,Quả chín,58.0,1.8,,12.8,0.9,,,,24.0,0.0,83.9,,,,38.0,1.6,
5044,Quả thanh long,Quả chín,40.0,1.3,,8.7,1.8,,,,11.0,0.0,87.6,,,,11.0,0.6,10.0
5045,Quả trứng gà,Quả chín,106.0,4.3,0.4,21.3,,,,,270.0,0.0,73.4,,,,101.0,,
5046,Quất chín ( cả vỏ),Quả chín,26.0,0.9,,5.5,4.1,,,,42.0,0.0,89.0,,,,124.0,0.3,43.0
5047,Quít,Quả chín,39.0,0.8,0.3,8.3,0.6,,4.0,111.0,17.0,0.0,89.5,2.4,2.13,6.05,35.0,0.4,55.0
5048,Sầu riêng,Quả chín,132.0,2.5,1.6,26.9,1.4,,1.0,601.0,63.0,0.0,66.8,,,,20.0,0.9,37.0
5049,Sấu chín,Quả chín,38.0,1.3,,8.2,2.7,,,,44.0,0.0,87.0,,,,100.0,,3.0
5050,Táo ta,Quả chín,38.0,0.8,0.2,8.3,0.7,,3.0,250.0,25.0,0.0,89.5,,,,44.0,0.2,24.0
5051,Táo tây,Quả chín,48.0,0.5,0.2,11.0,0.6,,15.0,102.0,13.0,0.0,87.2,5.9,2.43,2.0,19.0,2.5,7.0
5052,Vải,Quả chín,45.0,0.7,0.4,9.6,1.1,,1.0,171.0,34.0,0.0,87.8,,,,6.0,0.5,36.0
5053,Vải khô,Quả chín,260.0,3.0,1.9,57.6,1.0,,3.0,1110.0,58.0,0.0,34.9,,,,25.0,4.4,183.0
5054,Vú sữa,Quả chín,42.0,1.0,,9.4,2.3,,,,32.0,0.0,86.5,,,,68.0,0.4,5.0
5055,Xoài chín,Quả chín,62.0,0.6,0.3,14.1,1.8,,2.0,114.0,13.0,0.0,82.6,,,,10.0,0.4,30.0
5056,Quả kiwi,Quả chín,56.0,1.1,0.5,11.7,3.0,,3.0,312.0,34.0,0.0,83.1,4.35,4.11,0.15,34.0,0.31,93.0
6001,Bơ,"DẦU, MỠ, BƠ",756.0,0.5,83.5,0.5,0.0,,11.0,24.0,12.0,270.0,15.4,,,,12.0,0.1,0.0
6002,"Dầu thảo mộc( Lạc, vừng, cám...)","DẦU, MỠ, BƠ",897.0,0.0,99.7,0.0,0.0,0.0,,,,,0.3,0.0,0.0,0.0,,,0.0
6003,Mỡ lợn muối,"DẦU, MỠ, BƠ",827.0,2.0,91.0,0.0,0.0,0.0,,,,,3.0,0.0,0.0,0.0,,,0.0
6004,Mỡ lợn nước,"DẦU, MỠ, BƠ",896.0,0.0,99.6,0.0,0.0,0.0,,,12.0,95.0,0.4,0.0,0.0,0.0,2.0,0.3,0.0
6005,Bơ thực vựa,"DẦU, MỠ, BƠ",729.0,0.5,80.7,0.1,0.0,0.0,2.0,25.0,13.0,0.0,18.5,,,,17.0,,0.0
6006,Dầu bông,"DẦU, MỠ, BƠ",900.0,0.0,100.0,0.0,0.0,0.0,,,,0.0,0.0,0.0,0.0,0.0,,,
6007,Dầu cám gạo,"DẦU, MỠ, BƠ",900.0,0.0,100.0,0.0,0.0,0.0,,,,0.0,0.0,0.0,0.0,0.0,,,
6008,Dầu cọ,"DẦU, MỠ, BƠ",900.0,0.0,100.0,0.0,0.0,0.0,,,,0.0,0.0,0.0,0.0,0.0,,,
6009,Dầu dừa,"DẦU, MỠ, BƠ",900.0,0.0,100.0,0.0,0.0,0.0,,,,0.0,0.0,0.0,0.0,0.0,,0.04,
6010,Dầu đậu tương,"DẦU, MỠ, BƠ",900.0,0.0,100.0,0.0,0.0,0.0,,,,0.0,0.0,0.0,0.0,0.0,,0.02,
6011,Dầu lạc,"DẦU, MỠ, BƠ",900.0,0.0,100.0,0.0,0.0,0.0,,,,0.0,0.0,0.0,0.0,0.0,,0.03,
6012,Dầu mè,"DẦU, MỠ, BƠ",900.0,0.0,100.0,0.0,0.0,0.0,,,,0.0,0.0,0.0,0.0,0.0,,,
6013,Dầu ngô,"DẦU, MỠ, BƠ",900.0,0.0,100.0,0.0,0.0,0.0,,,,0.0,0.0,,0.0,0.0,,,
6014,Dầu oliu,"DẦU, MỠ, BƠ",900.0,0.0,100.0,0.0,0.0,0.0,,,,0.0,0.0,0.0,0.0,0.0,1.0,0.56,
7001,Thịt bê mỡ,THỊT VÀ SẢN PHẨM CHẾ BIẾN,144.0,19.0,7.5,0.0,0.0,,76.0,329.0,188.0,78.0,72.8,0.0,0.0,0.0,8.0,1.7,2.0
7002,Thịt bê nạc,THỊT VÀ SẢN PHẨM CHẾ BIẾN,85.0,20.0,0.5,0.0,0.0,172.0,80.0,348.0,176.0,79.0,78.2,0.0,0.0,0.0,8.0,1.7,2.0
7003,Thịt bò loại I,THỊT VÀ SẢN PHẨM CHẾ BIẾN,118.0,21.0,3.8,0.0,0.0,,83.0,378.0,226.0,59.0,74.1,0.0,0.0,0.0,12.0,3.1,1.0
7004,Thịt bò loại II,THỊT VÀ SẢN PHẨM CHẾ BIẾN,167.0,18.0,10.5,0.0,0.0,,,,194.0,,70.5,0.0,0.0,0.0,10.0,2.7,1.0
7005,"Thịt bò, lưng, nạc",THỊT VÀ SẢN PHẨM CHẾ BIẾN,127.0,23.1,3.9,0.0,0.0,133.0,57.0,361.0,214.0,40.0,72.7,0.0,0.0,0.0,23.0,1.63,0.0
7006,"Thịt bò, lưng, nạc và mỡ",THỊT VÀ SẢN PHẨM CHẾ BIẾN,182.0,21.5,10.7,0.0,0.0,,59.0,349.0,185.0,59.0,67.4,0.0,0.0,0.0,5.0,1.78,0.0
7007,Thịt bồ cầu ra ràng,THỊT VÀ SẢN PHẨM CHẾ BIẾN,340.0,17.5,30.0,0.0,0.0,,54.0,199.0,217.0,95.0,51.7,0.0,0.0,0.0,45.0,5.4,5.0
7008,Thịt chó sấn,THỊT VÀ SẢN PHẨM CHẾ BIẾN,338.0,16.0,30.4,0.0,0.0,,,,43.0,,53.0,0.0,0.0,0.0,16.0,1.0,
7009,Thịt chó vai,THỊT VÀ SẢN PHẨM CHẾ BIẾN,230.0,18.0,17.6,0.0,0.0,,,,36.0,,63.8,0.0,0.0,0.0,20.0,0.7,0.0
7010,"Thịt cừu, nạc",THỊT VÀ SẢN PHẨM CHẾ BIẾN,219.0,16.4,17.0,0.0,0.0,182.0,91.0,256.0,177.0,78.0,65.8,0.0,0.0,0.0,9.0,2.5,3.0
7011,"Thịt dê, nạc",THỊT VÀ SẢN PHẨM CHẾ BIẾN,122.0,20.7,4.3,0.0,0.0,,82.0,385.0,129.0,57.0,74.4,0.0,0.0,0.0,11.0,2.0,1.0
7012,Thịt gà rừng,THỊT VÀ SẢN PHẨM CHẾ BIẾN,141.0,24.4,4.8,0.0,0.0,,,,263.0,,69.7,0.0,0.0,0.0,14.0,0.4,
7013,Thịt gà ta,THỊT VÀ SẢN PHẨM CHẾ BIẾN,199.0,20.3,13.1,0.0,0.0,,70.0,189.0,200.0,75.0,65.6,0.0,0.0,0.0,12.0,1.5,4.0
7014,Thịt gà tây,THỊT VÀ SẢN PHẨM CHẾ BIẾN,218.0,20.1,15.3,0.0,0.0,110.0,66.0,236.0,320.0,74.0,63.6,0.0,0.0,0.0,24.0,3.2,0.0
7015,Thịt hươu,THỊT VÀ SẢN PHẨM CHẾ BIẾN,94.0,19.0,2.0,0.0,0.0,,51.0,318.0,205.0,85.0,77.9,0.0,0.0,0.0,11.0,2.8,0.0
7016,Thịt lợn mỡ,THỊT VÀ SẢN PHẨM CHẾ BIẾN,394.0,14.5,37.5,0.0,0.0,,42.0,253.0,156.0,74.0,47.5,0.0,0.0,0.0,8.0,0.4,0.0
7017,Thịt lợn nạc,THỊT VÀ SẢN PHẨM CHẾ BIẾN,139.0,19.0,7.0,0.0,0.0,166.0,76.0,341.0,190.0,67.0,73.0,0.0,0.0,0.0,7.0,0.96,1.0
7018,"Thịt lợn nửa nạc, nửa mỡ",THỊT VÀ SẢN PHẨM CHẾ BIẾN,260.0,16.5,21.5,0.0,0.0,,55.0,285.0,178.0,68.0,60.9,0.0,0.0,0.0,9.0,1.5,2.0
7019,Thịt ngỗng,THỊT VÀ SẢN PHẨM CHẾ BIẾN,409.0,14.0,39.2,0.0,0.0,165.0,73.0,308.0,210.0,80.0,46.1,0.0,0.0,0.0,13.0,1.8,4.0
7020,Thịt ngựa,THỊT VÀ SẢN PHẨM CHẾ BIẾN,176.0,21.5,10.0,0.0,0.0,200.0,62.0,291.0,200.0,75.0,66.8,0.0,0.0,0.0,13.0,3.1,1.0
7021,Thịt thỏ nhà,THỊT VÀ SẢN PHẨM CHẾ BIẾN,158.0,21.5,8.0,0.0,0.0,132.0,41.0,330.0,224.0,57.0,69.3,,,,21.0,1.6,0.0
7022,Thịt thỏ rừng,THỊT VÀ SẢN PHẨM CHẾ BIẾN,103.0,23.5,1.0,0.0,0.0,,50.0,378.0,226.0,81.0,74.3,,,,17.0,4.8,
7023,Thịt Trâu,THỊT VÀ SẢN PHẨM CHẾ BIẾN,97.0,20.4,1.4,0.9,0.0,,53.0,297.0,197.0,46.0,76.3,,,,12.0,1.61,0.0
7024,Thịt trâu bắp,THỊT VÀ SẢN PHẨM CHẾ BIẾN,115.0,21.9,3.0,0.0,0.0,,,,150.0,,74.2,0.0,0.0,0.0,30.0,,
7025,Thịt trâu cố,THỊT VÀ SẢN PHẨM CHẾ BIẾN,112.0,20.9,3.1,0.0,0.0,,,,160.0,,74.9,0.0,0.0,0.0,20.0,,
7026,Thịt trâu đùi,THỊT VÀ SẢN PHẨM CHẾ BIẾN,112.0,21.2,3.0,0.0,0.0,,,,215.0,,74.9,0.0,0.0,0.0,20.0,,
7027,Thịt trâu thăn,THỊT VÀ SẢN PHẨM CHẾ BIẾN,121.0,22.8,3.3,0.0,0.0,,,,165.0,,73.0,0.0,0.0,0.0,26.0,3.3,
7028,Thịt vịt,THỊT VÀ SẢN PHẨM CHẾ BIẾN,267.0,17.8,21.8,0.0,0.0,138.0,63.0,209.0,145.0,76.0,59.5,0.0,0.0,0.0,13.0,1.8,3.0
7029,Bầu dục bò,THỊT VÀ SẢN PHẨM CHẾ BIẾN,67.0,12.5,1.8,0.3,0.0,,200.0,262.0,219.0,411.0,84.3,,,,9.0,7.1,13.0
7030,Bầu dục lợn,THỊT VÀ SẢN PHẨM CHẾ BIẾN,81.0,13.0,3.1,0.3,0.0,334.0,121.0,390.0,223.0,319.0,82.5,0.0,0.0,0.0,8.0,8.0,5.0
7031,Bì lợn,THỊT VÀ SẢN PHẨM CHẾ BIẾN,118.0,23.3,2.7,0.0,0.0,,,,8.0,,73.3,0.0,0.0,0.0,11.0,0.4,
7032,Chân giò lợn,THỊT VÀ SẢN PHẨM CHẾ BIẾN,230.0,15.7,18.6,0.0,0.0,160.0,47.0,315.0,106.0,73.0,64.7,,,,24.0,2.1,1.0
7033,Dạ dày bò,THỊT VÀ SẢN PHẨM CHẾ BIẾN,97.0,14.8,4.2,0.0,0.0,,97.0,67.0,85.0,122.0,80.5,0.0,0.0,0.0,150.0,0.9,0.0
7034,Dạ dày lợn,THỊT VÀ SẢN PHẨM CHẾ BIẾN,85.0,14.6,2.9,0.0,0.0,,75.0,140.0,144.0,223.0,81.7,0.0,0.0,0.0,8.0,1.4,0.0
7035,Đầu bò,THỊT VÀ SẢN PHẨM CHẾ BIẾN,185.0,18.1,12.5,0.0,0.0,,,,,,68.7,0.0,0.0,0.0,,,
7036,Đầu lợn,THỊT VÀ SẢN PHẨM CHẾ BIẾN,335.0,13.4,31.3,0.0,0.0,,,,,,54.6,,,,,,
7037,Đuôi bò,THỊT VÀ SẢN PHẨM CHẾ BIẾN,137.0,19.7,6.5,0.0,0.0,,,,162.0,,73.0,0.0,0.0,0.0,7.0,2.5,
7038,Đuôi lợn,THỊT VÀ SẢN PHẨM CHẾ BIẾN,467.0,10.8,47.1,0.0,0.0,,63.0,349.0,50.0,97.0,41.8,,,,18.0,0.99,0.0
7039,Gan bò,THỊT VÀ SẢN PHẨM CHẾ BIẾN,109.0,17.4,3.1,3.0,0.0,,110.0,213.0,340.0,275.0,75.2,,,,5.0,9.0,30.0
7040,Gan gà,THỊT VÀ SẢN PHẨM CHẾ BIẾN,111.0,18.2,3.4,2.0,0.0,243.0,71.0,335.0,260.0,345.0,75.0,,,,21.0,8.2,7.0
7041,Gan lợn,THỊT VÀ SẢN PHẨM CHẾ BIẾN,116.0,18.8,3.6,2.0,0.0,515.0,110.0,447.0,353.0,301.0,74.1,,,,7.0,12.0,18.0
7042,Gan vịt,THỊT VÀ SẢN PHẨM CHẾ BIẾN,122.0,17.1,4.7,2.8,0.0,,140.0,230.0,177.0,515.0,74.1,,,,17.0,4.8,7.0
7043,Gân chân bò,THỊT VÀ SẢN PHẨM CHẾ BIẾN,124.0,30.2,0.3,0.0,0.0,,,,,,69.2,0.0,0.0,0.0,,,
7044,Lưỡi bò,THỊT VÀ SẢN PHẨM CHẾ BIẾN,164.0,13.6,12.1,0.2,0.0,,69.0,315.0,162.0,87.0,73.2,,,,7.0,3.0,3.0
7045,Lưỡi lợn,THỊT VÀ SẢN PHẨM CHẾ BIẾN,178.0,14.2,12.8,14.0,0.0,136.0,110.0,243.0,118.0,101.0,70.8,0.0,0.0,0.0,7.0,2.4,4.0
7046,Lòng lợn ( ruột già),THỊT VÀ SẢN PHẨM CHẾ BIẾN,167.0,6.9,15.1,0.8,0.0,,,,55.0,,76.6,,,,12.0,0.5,
7047,Lòng lợn ( ruột non),THỊT VÀ SẢN PHẨM CHẾ BIẾN,44.0,7.2,1.3,0.8,0.0,,,,48.0,,90.5,,,,7.0,0.8,
7048,Mề gan,THỊT VÀ SẢN PHẨM CHẾ BIẾN,99.0,21.3,1.3,0.6,0.0,,69.0,237.0,150.0,240.0,75.6,0.0,0.0,0.0,48.0,6.6,4.0
7049,Óc bò,THỊT VÀ SẢN PHẨM CHẾ BIẾN,124.0,9.0,9.5,0.5,0.0,,126.0,274.0,311.0,3010.0,79.4,,,,6.0,0.9,11.0
7050,Óc lợn,THỊT VÀ SẢN PHẨM CHẾ BIẾN,123.0,9.0,9.5,0.4,0.0,83.0,120.0,258.0,311.0,2195.0,80.1,,,,7.0,4.6,14.0
7051,Phổi bò,THỊT VÀ SẢN PHẨM CHẾ BIẾN,103.0,15.2,4.7,0.0,0.0,,198.0,340.0,195.0,242.0,79.1,,,,10.0,6.7,39.0
7052,Phổi lợn,THỊT VÀ SẢN PHẨM CHẾ BIẾN,92.0,14.8,3.6,0.0,0.0,,153.0,303.0,230.0,320.0,80.6,,,,9.0,6.4,12.0
7053,Sườn lợn,THỊT VÀ SẢN PHẨM CHẾ BIẾN,187.0,17.9,12.8,0.0,0.0,,60.0,200.0,160.0,65.0,68.2,0.0,0.0,0.0,7.0,0.61,0.0
7054,Tai lợn,THỊT VÀ SẢN PHẨM CHẾ BIẾN,126.0,21.0,4.1,1.3,0.0,,191.0,55.0,41.0,82.0,72.9,,,,21.0,2.4,0.0
7055,Tim bò,THỊT VÀ SẢN PHẨM CHẾ BIẾN,89.0,15.0,3.0,0.6,0.0,,98.0,287.0,185.0,124.0,80.4,,,,5.0,5.4,7.0
7056,Tim gà,THỊT VÀ SẢN PHẨM CHẾ BIẾN,114.0,16.0,5.5,0.0,0.0,,74.0,176.0,177.0,136.0,77.5,,,,12.0,5.96,3.0
7057,Tim lợn,THỊT VÀ SẢN PHẨM CHẾ BIẾN,94.0,3.2,1.2,0.0,0.0,,56.0,294.0,213.0,131.0,79.5,,,,7.0,5.9,1.0
7058,Tiết bò,THỊT VÀ SẢN PHẨM CHẾ BIẾN,75.0,18.0,0.2,0.4,0.0,,,,31.0,,80.4,,,,8.0,52.6,
7059,Tiết lợn luộc,THỊT VÀ SẢN PHẨM CHẾ BIẾN,44.0,10.7,0.1,0.0,0.0,,,,12.0,,86.8,0.0,0.0,0.0,7.0,25.9,
7060,Tiết lợn sống,THỊT VÀ SẢN PHẨM CHẾ BIẾN,25.0,5.7,0.1,0.2,0.0,,,,7.0,,91.9,,,,7.0,20.4,
7061,Tủy xương bò,THỊT VÀ SẢN PHẨM CHẾ BIẾN,814.0,1.1,89.9,0.0,0.0,,,,,,8.7,0.0,0.0,0.0,89.0,,
7062,Tủy xương lợn,THỊT VÀ SẢN PHẨM CHẾ BIẾN,749.0,2.3,82.2,0.0,0.0,,,,,,15.0,0.0,0.0,0.0,,,
7063,Ba tê,THỊT VÀ SẢN PHẨM CHẾ BIẾN,326.0,10.8,24.6,15.4,0.0,,,,88.0,,47.5,,,,26.0,4.2,0.0
7064,Chả lợn,THỊT VÀ SẢN PHẨM CHẾ BIẾN,5117.0,10.8,50.4,5.1,0.0,,,,100.0,,32.6,,,,20.0,,0.0
7065,Chả quế lợn,THỊT VÀ SẢN PHẨM CHẾ BIẾN,416.0,16.2,39.0,0.0,0.0,,,,45.0,,42.5,0.0,0.0,0.0,16.0,2.1,0.0
7066,Dăm bông lợn,THỊT VÀ SẢN PHẨM CHẾ BIẾN,318.0,23.0,25.0,0.3,0.0,,,,110.0,,48.7,,,,10.0,2.1,0.0
7067,Dồi lợn,THỊT VÀ SẢN PHẨM CHẾ BIẾN,114.0,12.4,7.1,0.0,0.0,,,,23.0,,78.9,0.0,0.0,0.0,28.0,,0.0
7068,Giò bò,THỊT VÀ SẢN PHẨM CHẾ BIẾN,357.0,13.8,33.5,0.0,0.0,,,,12.0,,48.8,0.0,0.0,0.0,18.0,3.2,0.0
7069,Giò lụa,THỊT VÀ SẢN PHẨM CHẾ BIẾN,136.0,21.5,5.5,0.0,0.0,,,,,,72.0,0.0,0.0,0.0,,,
7070,Giò thủ lợn,THỊT VÀ SẢN PHẨM CHẾ BIẾN,553.0,16.0,54.3,0.0,0.0,,,,,,29.0,0.0,0.0,0.0,,,
7071,Lạp xưởng,THỊT VÀ SẢN PHẨM CHẾ BIẾN,585.0,20.8,55.0,1.7,0.0,,,,175.0,,18.8,,,,52.0,3.0,0.0
7072,Nem chạo,THỊT VÀ SẢN PHẨM CHẾ BIẾN,153.0,16.6,6.5,6.9,0.0,,,,,,68.1,,,,24.0,1.6,0.0
7073,Nem chua,THỊT VÀ SẢN PHẨM CHẾ BIẾN,137.0,21.7,3.7,4.3,0.0,,,,78.0,,68.0,,,,24.0,,0.0
7074,Ruốc thịt lợn,THỊT VÀ SẢN PHẨM CHẾ BIẾN,369.0,46.6,20.3,0.0,0.0,,,,16.0,,25.8,0.0,0.0,0.0,29.0,0.3,0.0
7075,Thịt bò khô,THỊT VÀ SẢN PHẨM CHẾ BIẾN,239.0,51.0,1.6,5.2,0.0,,,,476.0,,32.4,,,,31.0,8.1,0.0
7076,Thịt trâu khô,THỊT VÀ SẢN PHẨM CHẾ BIẾN,226.0,50.4,2.7,0.0,0.0,,,,,,36.4,0.0,0.0,0.0,,,0.0
7077,Xúc xích,THỊT VÀ SẢN PHẨM CHẾ BIẾN,535.0,27.2,47.4,0.0,0.0,,,,139.0,,17.0,0.0,0.0,0.0,7.0,1.9,0.0
7078,Bột cóc,THỊT VÀ SẢN PHẨM CHẾ BIẾN,342.0,55.4,13.4,0.0,0.0,,,,,,7.2,0.0,0.0,0.0,,,0.0
7079,Châu chấu,THỊT VÀ SẢN PHẨM CHẾ BIẾN,130.0,24.3,3.6,0.0,0.0,,,,270.0,,71.1,0.0,0.0,0.0,210.0,0.4,0.0
7080,Ếch ( thịt đùi),THỊT VÀ SẢN PHẨM CHẾ BIẾN,90.0,20.0,1.1,0.0,0.0,,58.0,285.0,147.0,50.0,75.0,0.0,0.0,0.0,18.0,1.5,0.0
7081,Nhuộng,THỊT VÀ SẢN PHẨM CHẾ BIẾN,111.0,13.0,6.5,0.0,0.0,,,,109.0,,79.7,0.0,0.0,0.0,40.0,,0.0
7082,Lòng gà ( cả bộ),THỊT VÀ SẢN PHẨM CHẾ BIẾN,119.0,17.9,4.5,1.8,0.0,,77.0,228.0,197.0,262.0,74.9,,,,10.0,5.86,16.0
8001,Cá bống,THỦY SẢN VÀ SẢN PHẨM CHẾ BIẾN,70.0,15.8,0.8,0.0,0.0,,,,181.0,,81.9,0.0,0.0,0.0,17.0,0.9,0.0
8002,Cá chày,THỦY SẢN VÀ SẢN PHẨM CHẾ BIẾN,113.0,20.1,3.6,0.0,0.0,,,,176.0,,75.1,0.0,0.0,0.0,63.0,0.2,0.0
8003,Cá chép,THỦY SẢN VÀ SẢN PHẨM CHẾ BIẾN,96.0,16.0,3.6,0.0,0.0,160.0,49.0,397.0,184.0,70.0,79.1,0.0,0.0,0.0,17.0,0.9,0.0
8004,Cá dưa,THỦY SẢN VÀ SẢN PHẨM CHẾ BIẾN,115.0,17.6,5.0,0.0,0.0,,,,70.0,,75.6,0.0,0.0,0.0,64.0,,0.0
8005,Cá dầu,THỦY SẢN VÀ SẢN PHẨM CHẾ BIẾN,96.0,18.9,2.3,0.0,0.0,,,,885.0,,75.1,0.0,0.0,0.0,527.0,,0.0
8006,Cá diếc,THỦY SẢN VÀ SẢN PHẨM CHẾ BIẾN,87.0,17.7,1.8,0.0,0.0,,,,152.0,,78.9,0.0,0.0,0.0,70.0,0.8,0.0
8007,Cá đao,THỦY SẢN VÀ SẢN PHẨM CHẾ BIẾN,94.0,18.3,2.3,0.0,0.0,,,,50.0,,78.3,0.0,0.0,0.0,36.0,,0.0
8008,Cá đé,THỦY SẢN VÀ SẢN PHẨM CHẾ BIẾN,83.0,18.7,0.9,0.0,0.0,,,,130.0,,78.8,0.0,0.0,0.0,80.0,,0.0
8009,Cá đối,THỦY SẢN VÀ SẢN PHẨM CHẾ BIẾN,108.0,19.5,3.3,0.0,0.0,,65.0,357.0,224.0,49.0,76.0,0.0,0.0,0.0,21.0,1.0,0.0
8010,Cá đồng tiền,THỦY SẢN VÀ SẢN PHẨM CHẾ BIẾN,98.0,20.1,2.0,0.0,0.0,,,,100.0,,76.4,0.0,0.0,0.0,90.0,,0.0
8011,Cá hồi,THỦY SẢN VÀ SẢN PHẨM CHẾ BIẾN,136.0,22.0,5.3,0.0,0.0,170.0,46.0,423.0,230.0,45.0,71.3,0.0,0.0,0.0,13.0,1.1,0.0
8012,"Cá khô ( chim, thu, nụ, đé)",THỦY SẢN VÀ SẢN PHẨM CHẾ BIẾN,208.0,43.3,3.9,0.0,0.0,,,,95.0,,37.8,0.0,0.0,0.0,120.0,0.9,0.0
8013,Cá lác,THỦY SẢN VÀ SẢN PHẨM CHẾ BIẾN,71.0,16.7,0.5,0.0,0.0,,,,210.0,,78.1,0.0,0.0,0.0,80.0,,0.0
8014,Cá mè,THỦY SẢN VÀ SẢN PHẨM CHẾ BIẾN,144.0,15.4,9.1,0.0,0.0,,,,215.0,,74.7,0.0,0.0,0.0,157.0,,0.0
8015,Cá mòi,THỦY SẢN VÀ SẢN PHẨM CHẾ BIẾN,124.0,17.5,6.0,0.0,0.0,345.0,,,240.0,,75.3,0.0,0.0,0.0,80.0,3.0,0.0
8016,Cá mỡ,THỦY SẢN VÀ SẢN PHẨM CHẾ BIẾN,151.0,16.8,9.3,0.0,0.0,,,,173.0,200.0,72.7,0.0,0.0,0.0,42.0,1.4,0.0
8017,Cá mối,THỦY SẢN VÀ SẢN PHẨM CHẾ BIẾN,116.0,22.1,3.1,0.0,0.0,,,,102.0,,73.3,0.0,0.0,0.0,60.0,,0.0
8018,Cá nạc,THỦY SẢN VÀ SẢN PHẨM CHẾ BIẾN,80.0,17.5,1.1,0.0,0.0,,,,173.0,,80.0,0.0,0.0,0.0,42.0,1.4,0.0
8019,Cá ngừ,THỦY SẢN VÀ SẢN PHẨM CHẾ BIẾN,87.0,21.0,0.3,0.0,0.0,,78.0,518.0,206.0,45.0,77.5,0.0,0.0,0.0,44.0,1.0,1.0
8020,Cá nục,THỦY SẢN VÀ SẢN PHẨM CHẾ BIẾN,111.0,20.2,3.3,0.0,0.0,,104.0,383.0,160.0,60.0,74.9,0.0,0.0,0.0,85.0,3.25,0.0
8021,Cá phèn,THỦY SẢN VÀ SẢN PHẨM CHẾ BIẾN,104.0,15.9,4.5,0.0,0.0,,,,50.0,,78.2,0.0,0.0,0.0,40.0,,0.0
8022,Cá quả,THỦY SẢN VÀ SẢN PHẨM CHẾ BIẾN,97.0,18.2,2.7,0.0,0.0,,,,240.0,600.0,78.0,0.0,0.0,0.0,90.0,,0.0
8023,Cá rô đồng,THỦY SẢN VÀ SẢN PHẨM CHẾ BIẾN,126.0,19.1,5.5,0.0,0.0,,,,151.0,,74.2,0.0,0.0,0.0,26.0,0.25,0.0
8024,Cá rô phi,THỦY SẢN VÀ SẢN PHẨM CHẾ BIẾN,100.0,19.7,2.3,0.0,0.0,,,,148.0,,76.8,0.0,0.0,0.0,50.0,0.53,0.0
8025,Cá thờn bơn ( cá bơn),THỦY SẢN VÀ SẢN PHẨM CHẾ BIẾN,73.0,17.4,0.4,0.0,0.0,,,,45.0,13.0,81.3,0.0,0.0,0.0,36.0,,0.0
8026,Cá thu,THỦY SẢN VÀ SẢN PHẨM CHẾ BIẾN,166.0,18.2,10.3,0.0,0.0,145.0,110.0,486.0,90.0,,70.2,0.0,0.0,0.0,50.0,1.3,0.0
8027,Cá thu đao,THỦY SẢN VÀ SẢN PHẨM CHẾ BIẾN,156.0,20.0,8.4,0.0,0.0,156.0,86.0,406.0,190.0,47.0,70.3,0.0,0.0,0.0,22.0,3.0,0.0
8028,Cá trạch ( cá chạch),THỦY SẢN VÀ SẢN PHẨM CHẾ BIẾN,110.0,20.4,3.2,0.0,0.0,,,,231.0,,74.2,0.0,0.0,0.0,109.0,0.2,0.0
8029,Cá trắm cỏ,THỦY SẢN VÀ SẢN PHẨM CHẾ BIẾN,91.0,17.0,2.6,0.0,0.0,,,,145.0,,79.4,0.0,0.0,0.0,57.0,0.1,0.0
8030,Cá trê,THỦY SẢN VÀ SẢN PHẨM CHẾ BIẾN,173.0,16.5,11.9,0.0,0.0,,53.0,299.0,210.0,47.0,70.4,0.0,0.0,0.0,20.0,1.0,0.0
8031,Cá trích,THỦY SẢN VÀ SẢN PHẨM CHẾ BIẾN,166.0,17.7,10.6,0.0,0.0,210.0,160.0,423.0,174.0,406.0,70.5,0.0,0.0,0.0,64.0,2.8,0.0
8032,Cá trôi,THỦY SẢN VÀ SẢN PHẨM CHẾ BIẾN,127.0,18.8,5.7,0.0,0.0,,,,185.0,,74.3,0.0,0.0,0.0,76.0,0.05,0.0
8033,Cua bể,THỦY SẢN VÀ SẢN PHẨM CHẾ BIẾN,103.0,17.5,0.6,7.0,0.0,,316.0,322.0,191.0,78.0,72.2,,,,141.0,3.8,0.0
8034,Cua đồng,THỦY SẢN VÀ SẢN PHẨM CHẾ BIẾN,87.0,12.3,3.3,2.0,0.0,,453.0,266.0,171.0,,74.4,,,,120.0,1.4,0.0
8035,Ghẹ,THỦY SẢN VÀ SẢN PHẨM CHẾ BIẾN,54.0,11.9,0.7,0.0,0.0,,293.0,329.0,229.0,78.0,85.5,0.0,0.0,0.0,89.0,0.74,0.0
8036,Hải sâm,THỦY SẢN VÀ SẢN PHẨM CHẾ BIẾN,90.0,21.5,0.3,0.2,0.0,,,,22.0,,76.9,,,,118.0,1.4,0.0
8037,Hến,THỦY SẢN VÀ SẢN PHẨM CHẾ BIẾN,45.0,4.5,0.7,5.1,0.0,,,,86.0,,88.8,,,,144.0,1.6,0.0
8038,Lươn,THỦY SẢN VÀ SẢN PHẨM CHẾ BIẾN,180.0,18.4,11.7,0.2,0.0,,51.0,272.0,164.0,126.0,68.3,,,,35.0,1.0,0.0
8039,Mực khô,THỦY SẢN VÀ SẢN PHẨM CHẾ BIẾN,291.0,60.1,4.5,2.5,0.0,,,,287.0,,26.2,,,,27.0,5.6,0.0
8040,Mực tươi,THỦY SẢN VÀ SẢN PHẨM CHẾ BIẾN,73.0,16.3,0.9,0.0,0.0,,44.0,273.0,150.0,233.0,81.4,,,,14.0,0.6,5.0
8041,Ốc bươu,THỦY SẢN VÀ SẢN PHẨM CHẾ BIẾN,84.0,11.1,0.7,8.3,0.0,,,,64.0,,76.8,,,,1310.0,,0.0
8042,Ốc đá,THỦY SẢN VÀ SẢN PHẨM CHẾ BIẾN,63.0,11.2,0.3,3.9,0.0,,,,83.0,,80.3,,,,1660.0,,0.0
8043,Ốc nhồi,THỦY SẢN VÀ SẢN PHẨM CHẾ BIẾN,84.0,11.9,0.7,7.6,0.0,,,,191.0,,77.6,,,,1357.0,,0.0
8044,Ốc vặn,THỦY SẢN VÀ SẢN PHẨM CHẾ BIẾN,72.0,0.7,0.7,4.3,0.0,,,,51.0,,79.1,,,,1356.0,,0.0
8045,"Rạm ( muối, đồ)",THỦY SẢN VÀ SẢN PHẨM CHẾ BIẾN,83.0,14.2,2.9,0.0,0.0,,,,330.0,,64.4,0.0,0.0,0.0,4820.0,,0.0
8046,Rạm tươi,THỦY SẢN VÀ SẢN PHẨM CHẾ BIẾN,77.0,12.9,2.8,0.0,0.0,,,,180.0,,78.2,0.0,0.0,0.0,3520.0,,0.0
8047,Rươi,THỦY SẢN VÀ SẢN PHẨM CHẾ BIẾN,89.0,12.4,4.4,0.0,0.0,,,,57.0,,81.9,0.0,0.0,0.0,66.0,1.8,0.0
8048,Sò,THỦY SẢN VÀ SẢN PHẨM CHẾ BIẾN,78.0,9.5,2.3,4.9,0.0,90.0,380.0,223.0,82.0,50.0,82.1,,,,37.0,1.9,0.0
8049,Tép gạo,THỦY SẢN VÀ SẢN PHẨM CHẾ BIẾN,58.0,11.7,1.2,0.0,0.0,,,,218.0,,84.5,0.0,0.0,0.0,910.0,,0.0
8050,Tép khô,THỦY SẢN VÀ SẢN PHẨM CHẾ BIẾN,269.0,59.8,3.0,0.7,0.0,,,,605.0,,23.0,,,,2000.0,5.5,0.0
8051,Tôm biển,THỦY SẢN VÀ SẢN PHẨM CHẾ BIẾN,82.0,17.4,0.9,0.9,0.0,147.0,148.0,185.0,184.0,152.0,79.2,,,,79.0,1.6,0.0
8052,Tôm đồng,THỦY SẢN VÀ SẢN PHẨM CHẾ BIẾN,90.0,18.4,1.8,0.0,0.0,,418.0,316.0,150.0,,76.9,0.0,0.0,0.0,1120.0,2.2,0.0
8053,Tôm khô,THỦY SẢN VÀ SẢN PHẨM CHẾ BIẾN,347.0,75.6,3.8,2.5,0.0,,,,995.0,,12.6,,,,236.0,4.66,0.0
8054,Trai,THỦY SẢN VÀ SẢN PHẨM CHẾ BIẾN,38.0,4.6,1.1,2.5,0.0,,56.0,314.0,107.0,34.0,89.9,,,,668.0,1.5,0.0
8055,Bánh phồng tôm rán,THỦY SẢN VÀ SẢN PHẨM CHẾ BIẾN,676.0,1.6,59.2,34.1,0.0,,,,30.0,,3.8,,,,175.0,,0.0
8056,Bánh phồng tôm sống,THỦY SẢN VÀ SẢN PHẨM CHẾ BIẾN,381.0,3.4,7.4,75.3,0.0,,,,50.0,,12.0,,,,258.0,,0.0
8057,Bột cá,THỦY SẢN VÀ SẢN PHẨM CHẾ BIẾN,323.0,71.2,2.9,3.0,0.0,,,,207.0,,11.6,,,,505.0,50.0,0.0
8058,Ruốc cá quả,THỦY SẢN VÀ SẢN PHẨM CHẾ BIẾN,312.0,65.7,4.1,3.0,0.0,,,,654.0,,14.0,,,,26.0,,0.0
8059,Ruốc tôm,THỦY SẢN VÀ SẢN PHẨM CHẾ BIẾN,305.0,65.5,3.1,3.7,0.0,,,,,,13.1,,,,,,0.0
9001,Trứng gà,TRỨNG VÀ SẢN PHẨM CHẾ BIẾN,166.0,14.8,11.6,0.5,0.0,,158.0,176.0,210.0,470.0,72.0,0.11,0.21,0.11,55.0,2.7,0.0
9002,Lòng đỏ trứng gà,TRỨNG VÀ SẢN PHẨM CHẾ BIẾN,327.0,13.6,29.8,1.0,0.0,,108.0,169.0,532.0,2000.0,54.0,0.07,0.18,0.07,134.0,7.0,0.0
9003,Lòng trắng trứng gà,TRỨNG VÀ SẢN PHẨM CHẾ BIẾN,46.0,10.3,0.1,1.0,0.0,,215.0,172.0,16.0,0.0,88.0,0.07,0.34,0.07,19.0,0.3,0.0
9004,Trứng vịt,TRỨNG VÀ SẢN PHẨM CHẾ BIẾN,184.0,13.0,14.2,1.0,0.0,,191.0,258.0,210.0,884.0,70.0,,,,71.0,3.2,0.0
9005,Lòng đỏ trứng vịt,TRỨNG VÀ SẢN PHẨM CHẾ BIẾN,364.0,13.6,32.3,4.8,0.0,,,,328.0,,47.5,,,,146.0,5.6,0.0
9006,Lòng trắng trứng vịt,TRỨNG VÀ SẢN PHẨM CHẾ BIẾN,47.0,10.7,0.1,0.8,0.0,,,,8.0,,87.8,0.0,0.0,0.0,6.0,,0.0
9007,Trứng chim cút,TRỨNG VÀ SẢN PHẨM CHẾ BIẾN,154.0,13.1,11.1,0.4,0.0,,141.0,132.0,226.0,844.0,74.4,,,,64.0,3.65,0.0
9008,Trứng cá,TRỨNG VÀ SẢN PHẨM CHẾ BIẾN,171.0,20.5,9.9,0.0,0.0,,,,230.0,,64.9,,,,28.0,1.1,24.0
9009,Trứng cá muối,TRỨNG VÀ SẢN PHẨM CHẾ BIẾN,274.0,24.6,17.9,3.5,0.0,,1500.0,181.0,356.0,588.0,47.5,0.0,0.0,0.0,275.0,11.88,0.0
9010,Trứng vịt lộn,TRỨNG VÀ SẢN PHẨM CHẾ BIẾN,182.0,13.6,12.4,4.0,0.0,,,,212.0,,67.0,,,,82.0,3.0,3.0
9011,Bột trứng,TRỨNG VÀ SẢN PHẨM CHẾ BIẾN,563.0,44.0,42.2,1.8,0.0,,,,786.0,,8.5,,,,186.0,9.3,
10001,Sữa bò tươi,SỮA VÀ SẢN PHẨM CHẾ BIẾN,74.0,3.9,4.4,4.8,0.0,,380.0,143.0,95.0,42.0,86.2,0.0,0.0,0.0,120.0,0.1,1.0
10002,Sữa dê tươi,SỮA VÀ SẢN PHẨM CHẾ BIẾN,69.0,3.5,4.1,4.5,0.0,,50.0,204.0,126.0,2.0,87.2,,,,147.0,0.1,3.0
10003,Sữa mẹ ( sữa người),SỮA VÀ SẢN PHẨM CHẾ BIẾN,61.0,1.5,3.0,7.0,0.0,,15.0,41.0,15.0,14.0,88.3,,,,34.0,0.1,6.0
10004,Sữa chua ( từ sữa bò),SỮA VÀ SẢN PHẨM CHẾ BIẾN,61.0,3.3,3.7,3.6,0.0,,46.0,155.0,95.0,13.0,88.7,,,,120.0,0.1,1.0
10005,Sữa chua vớt béo,SỮA VÀ SẢN PHẨM CHẾ BIẾN,103.0,3.5,0.0,22.3,1.2,,135.0,339.0,109.0,1.0,71.6,,,,143.0,0.06,1.0
10006,Sữa bột toàn phần,SỮA VÀ SẢN PHẨM CHẾ BIẾN,494.0,27.0,26.0,38.0,0.0,,371.0,1330.0,790.0,97.0,3.5,,,,939.0,1.1,10.0
10007,Sữa bột tách béo,SỮA VÀ SẢN PHẨM CHẾ BIẾN,357.0,35.0,1.0,52.0,0.0,,535.0,1764.0,980.0,20.0,4.0,,,,1400.0,0.45,6.0
10008,Sữa đặc có đường Việt Nam,SỮA VÀ SẢN PHẨM CHẾ BIẾN,336.0,8.1,8.8,56.0,0.0,,,,219.0,,25.4,,,,307.0,0.6,0.0
10009,Phô mát,SỮA VÀ SẢN PHẨM CHẾ BIẾN,380.0,25.5,30.9,0.0,0.0,,621.0,98.0,424.0,105.0,38.9,,,,760.0,0.5,1.0
11001,Chuối nước đường,ĐỒ HỘP,58.0,0.5,0.0,13.9,1.3,,,,160.0,0.0,83.9,,,,12.0,0.6,9.0
11002,Dưa chuột hộp,ĐỒ HỘP,8.0,0.3,0.2,1.2,3.1,,1208.0,23.0,16.0,0.0,94.1,,,,12.0,0.3,2.0
11003,Dứa hộp,ĐỒ HỘP,53.0,0.4,0.1,12.7,0.8,,1.0,105.0,12.0,0.0,85.7,,,,20.0,0.3,14.0
11004,Lạc chao dầu,ĐỒ HỘP,680.0,25.7,59.3,10.3,,,,,,0.0,1.8,,,,,,
11005,Mắc coọc nước đường,ĐỒ HỘP,56.0,0.2,0.0,13.7,0.7,,,,16.0,0.0,85.1,,,,20.0,0.4,14.0
11006,Mận nước đường,ĐỒ HỘP,64.0,0.4,0.1,15.4,0.9,,20.0,93.0,15.0,0.0,83.0,,,,16.0,0.86,0.0
11007,Mứt bí ngô,ĐỒ HỘP,198.0,0.5,0.0,49.1,0.7,,,,32.0,0.0,49.4,,,,32.0,,
11008,Mứt cam có vỏ,ĐỒ HỘP,218.0,0.4,0.0,54.2,2.2,,,,22.0,0.0,42.8,,,,28.0,0.26,
11009,Mứt chuối,ĐỒ HỘP,218.0,0.7,0.0,53.9,1.3,,,,,0.0,43.8,,,,28.0,0.3,
11010,Mứt dứa,ĐỒ HỘP,208.0,0.5,0.0,51.5,0.4,,,,16.0,0.0,47.2,,,,20.0,0.3,13.0
11011,Mứt đu đủ,ĐỒ HỘP,178.0,0.4,0.0,44.1,2.0,,,,30.0,0.0,53.2,,,,24.0,,
11012,Nhãn nước đường,ĐỒ HỘP,62.0,0.5,0.0,15.0,1.0,,,,230.0,0.0,83.3,,,,12.0,0.3,32.0
11013,Nước dứa hộp,ĐỒ HỘP,53.0,0.4,0.1,12.6,0.2,,2.0,130.0,12.0,0.0,86.4,,,,32.0,0.3,41.0
11014,Vải nuớc đường,ĐỒ HỘP,60.0,0.4,0.0,14.7,1.1,,,,160.0,0.0,83.6,,,,8.0,0.6,10.0
11015,Cá thu hộp,ĐỒ HỘP,207.0,24.8,12.0,0.0,,,,,260.0,,57.5,0.0,0.0,0.0,50.0,1.6,
11016,Cá trích hộp,ĐỒ HỘP,233.0,22.3,14.4,3.5,,,,,437.0,,56.7,,,,86.0,2.3,
11017,Thịt bò hộp,ĐỒ HỘP,251.0,16.4,20.6,0.0,,,,,250.0,,61.4,0.0,0.0,0.0,13.0,2.9,
11018,Thịt gà hộp,ĐỒ HỘP,273.0,17.0,22.8,0.0,,,,,138.0,,59.0,0.0,0.0,0.0,108.0,2.8,
11019,Thịt lợn hộp,ĐỒ HỘP,344.0,17.4,29.3,2.7,,,,,200.0,,49.0,,,,9.0,1.2,0.0
11021,"Thịt lợn, thịt bò xay hộp",ĐỒ HỘP,224.0,16.0,20.0,0.0,,,,,120.0,,62.8,0.0,0.0,0.0,8.0,2.1,1.0
11022,Thịt vịt hầm,ĐỒ HỘP,224.0,19.6,16.2,0.0,,,,,,,59.9,0.0,0.0,0.0,,,0.0
12001,Bánh bích cốt,"ĐỒ NGỌT (ĐƯỜNG, BÁNH, MỨT, KẸO)",346.0,12.3,1.3,71.3,0.8,,,,231.0,0.0,12.0,,,,39.0,2.7,0.0
12002,Bánh bích quy,"ĐỒ NGỌT (ĐƯỜNG, BÁNH, MỨT, KẸO)",376.0,8.8,4.5,75.1,0.5,,,,79.0,0.0,10.4,,,,75.0,3.6,0.0
12003,Bánh chả,"ĐỒ NGỌT (ĐƯỜNG, BÁNH, MỨT, KẸO)",395.0,3.4,6.6,80.5,1.0,,,,29.0,0.0,8.0,,,,42.0,1.9,0.0
12004,Bánh con cá,"ĐỒ NGỌT (ĐƯỜNG, BÁNH, MỨT, KẸO)",368.0,7.5,2.2,79.6,0.2,,,,99.0,0.0,10.0,,,,54.0,2.9,0.0
12005,Bánh đậu xanh,"ĐỒ NGỌT (ĐƯỜNG, BÁNH, MỨT, KẸO)",416.0,15.6,11.5,62.4,1.1,,,,273.0,0.0,6.8,,,,111.0,3.4,0.0
12006,Bánh kem xốp,"ĐỒ NGỌT (ĐƯỜNG, BÁNH, MỨT, KẸO)",492.0,8.3,24.0,60.7,3.5,,,,125.0,0.0,1.9,,,,86.0,0.8,0.0
12007,Bánh khảo chay,"ĐỒ NGỌT (ĐƯỜNG, BÁNH, MỨT, KẸO)",376.0,3.2,0.3,90.2,0.2,,,,1.0,0.0,5.8,,,,2.0,0.1,0.0
12008,Bánh quế,"ĐỒ NGỌT (ĐƯỜNG, BÁNH, MỨT, KẸO)",435.0,8.3,10.7,76.4,0.3,,,,115.0,0.0,3.6,,,,33.0,2.0,0.0
12009,Bánh sô cô la,"ĐỒ NGỌT (ĐƯỜNG, BÁNH, MỨT, KẸO)",449.0,3.9,17.6,68.8,0.0,,,,142.0,0.0,8.5,,,,58.0,3.7,0.0
12010,Bánh thỏi sô cô la,"ĐỒ NGỌT (ĐƯỜNG, BÁNH, MỨT, KẸO)",543.0,4.9,30.4,62.5,,,,,280.0,0.0,0.8,,,,280.0,1.5,0.0
12011,Bánh trứng nhện,"ĐỒ NGỌT (ĐƯỜNG, BÁNH, MỨT, KẸO)",369.0,9.6,3.7,74.2,0.2,,,,140.0,0.0,11.6,,,,76.0,3.9,0.0
12012,Bột ca cao,"ĐỒ NGỌT (ĐƯỜNG, BÁNH, MỨT, KẸO)",414.0,19.6,13.7,53.0,4.6,,21.0,1524.0,734.0,0.0,3.0,,,,128.0,13.86,0.0
12013,Đường cát,"ĐỒ NGỌT (ĐƯỜNG, BÁNH, MỨT, KẸO)",390.0,0.0,0.0,97.4,0.0,0.0,39.0,346.0,72.0,0.0,1.7,,,,0.04,5.2,90.61
12014,Đường kính,"ĐỒ NGỌT (ĐƯỜNG, BÁNH, MỨT, KẸO)",397.0,0.0,0.0,99.3,0.0,,,2.0,0.0,0.0,0.5,,,,0.0,0.06,0.0
12015,Kẹo bơ cứng,"ĐỒ NGỌT (ĐƯỜNG, BÁNH, MỨT, KẸO)",448.0,2.1,17.2,71.1,0.0,,,,64.0,0.0,8.8,,,,64.0,0.76,0.0
12016,Kẹo cà phê,"ĐỒ NGỌT (ĐƯỜNG, BÁNH, MỨT, KẸO)",378.0,0.0,1.3,91.5,0.0,,,,,0.0,6.6,,,,,,0.0
12017,Kẹo cam chanh,"ĐỒ NGỌT (ĐƯỜNG, BÁNH, MỨT, KẸO)",377.0,0.0,0.5,93.1,0.3,,,,12.0,0.0,5.4,,,,23.0,1.4,0.0
12018,Kẹo dừa mềm,"ĐỒ NGỌT (ĐƯỜNG, BÁNH, MỨT, KẸO)",415.0,0.6,12.2,75.6,2.5,,,,7.0,0.0,8.5,,,,16.0,0.4,0.0
12019,Kẹo dứa mềm,"ĐỒ NGỌT (ĐƯỜNG, BÁNH, MỨT, KẸO)",415.0,0.6,12.2,75.6,2.5,,,,7.0,0.0,8.5,,,,16.0,0.4,0.0
12020,Kẹo lạc,"ĐỒ NGỌT (ĐƯỜNG, BÁNH, MỨT, KẸO)",449.0,10.3,16.5,64.8,2.2,,,,,0.0,5.0,,,,,,0.0
12021,Kẹo Pastille ( Kẹo ngậm bạc hà),"ĐỒ NGỌT (ĐƯỜNG, BÁNH, MỨT, KẸO)",356.0,5.2,0.0,83.8,,,,,18.0,0.0,10.2,,,,96.0,1.6,0.0
12022,Kẹo sô cô la,"ĐỒ NGỌT (ĐƯỜNG, BÁNH, MỨT, KẸO)",388.0,1.6,4.6,85.1,1.2,,,,,0.0,6.8,,,,,,0.0
12023,Kẹo sữa,"ĐỒ NGỌT (ĐƯỜNG, BÁNH, MỨT, KẸO)",390.0,2.9,5.2,83.0,,,,,,0.0,8.4,,,,,,0.0
12024,Kẹo vừng viên,"ĐỒ NGỌT (ĐƯỜNG, BÁNH, MỨT, KẸO)",417.0,2.8,6.9,85.9,1.7,,,,,0.0,1.7,,,,,,0.0
12025,Mạch nha,"ĐỒ NGỌT (ĐƯỜNG, BÁNH, MỨT, KẸO)",331.0,0.2,0.0,82.5,0.0,,,,,0.0,15.0,,,,,,0.0
12026,Mật ong,"ĐỒ NGỌT (ĐƯỜNG, BÁNH, MỨT, KẸO)",327.0,0.4,0.0,81.3,0.0,,4.0,52.0,16.0,0.0,18.0,40.39,35.27,0.88,5.0,0.9,4.0
12027,Mứt lạ,"ĐỒ NGỌT (ĐƯỜNG, BÁNH, MỨT, KẸO)",431.0,5.4,8.6,82.9,0.7,,,,,0.0,1.8,,,,,,0.0
13001,Cary bột,"GIA VỊ, NƯỚC CHẤM",283.0,8.2,7.3,46.0,8.9,,,,421.0,0.0,10.0,,,,906.0,,
13002,Gừng khô ( bột),"GIA VỊ, NƯỚC CHẤM",323.0,9.1,5.9,58.3,12.5,,32.0,1343.0,148.0,0.0,9.4,1.78,1.22,0.2,180.0,11.52,7.0
13003,Gừng tươi,"GIA VỊ, NƯỚC CHẤM",29.0,0.4,0.8,5.1,3.3,,7.0,316.0,8.0,0.0,90.0,,,,60.0,2.5,5.0
13004,Hạt tiêu,"GIA VỊ, NƯỚC CHẤM",231.0,7.0,7.4,34.1,33.5,,44.0,1259.0,44.0,0.0,13.5,,,,732.0,4.6,0.0
13005,Muối,"GIA VỊ, NƯỚC CHẤM",0.0,0.0,0.0,0.0,0.0,0.0,38758.0,4.0,70.0,0.0,1.0,0.0,0.0,0.0,150.0,0.81,0.0
13006,"Nghệ khô, bột","GIA VỊ, NƯỚC CHẤM",11.4,7.8,9.9,43.8,21.1,,38.0,2525.0,284.0,0.0,11.4,0.45,0.38,2.38,146.0,18.6,26.0
13007,Nghệ tươi,"GIA VỊ, NƯỚC CHẤM",25.0,1.1,0.3,4.4,6.5,,52.0,587.0,22.0,0.0,86.7,,,,12.0,,4.0
13008,Ớt khô bột,"GIA VỊ, NƯỚC CHẤM",227.0,15.6,4.2,31.8,23.6,,,,380.0,0.0,12.0,,,,85.0,17.0,0.0
13009,Riềng,"GIA VỊ, NƯỚC CHẤM",26.0,0.3,,2.5,3.7,,,,28.0,0.0,91.7,,,,24.0,,0.0
13010,Magi,"GIA VỊ, NƯỚC CHẤM",65.0,10.5,0.1,5.6,0.0,,5586.0,212.0,130.0,0.0,66.0,,,,20.0,2.38,0.0
13011,Mắm tôm đăc,"GIA VỊ, NƯỚC CHẤM",73.0,14.8,1.5,0.0,0.0,,,,,,48.0,0.0,0.0,0.0,,,0.0
13012,Mắm tôm loãng,"GIA VỊ, NƯỚC CHẤM",44.0,7.0,0.8,2.1,0.0,,,,226.0,,68.6,0.0,0.0,0.0,645.0,,0.0
13013,Mắm tép chua,"GIA VỊ, NƯỚC CHẤM",68.0,8.7,1.2,5.5,0.0,,,,,,55.5,0.0,0.0,0.0,,,0.0
13014,Nước mắm cá ( loại đặt biệt),"GIA VỊ, NƯỚC CHẤM",60.0,15.0,0.0,0.0,0.0,,,,247.0,,60.0,0.0,0.0,0.0,387.0,2.7,0.0
13015,Nước mắm cá ( loại I),"GIA VỊ, NƯỚC CHẤM",28.0,119.0,7.1,0.0,0.0,,,,247.0,0.0,67.9,,,,387.0,2.7,0.0
13016,Nước mắm cá ( loại II),"GIA VỊ, NƯỚC CHẤM",21.0,5.2,0.0,0.0,0.0,,,,116.0,0.0,66.8,0.0,0.0,0.0,314.0,1.9,0.0
13017,Nước mắm cá,"GIA VỊ, NƯỚC CHẤM",35.0,5.1,0.01,3.6,0.0,,0.2,7720.0,288.0,0.0,71.1,0.0,0.0,0.0,43.0,0.78,1.0
13018,Nước mắm cô,"GIA VỊ, NƯỚC CHẤM",131.0,32.8,0.0,0.0,0.0,,,,,0.0,20.2,0.0,0.0,0.0,,,0.0
13019,Tương ngô,"GIA VỊ, NƯỚC CHẤM",75.0,3.9,0.1,14.5,0.0,,,,,0.0,70.3,0.0,0.0,0.0,,,0.0
13020,Tương nếp,"GIA VỊ, NƯỚC CHẤM",86.0,4.3,0.7,15.7,0.0,,,,,0.0,68.3,0.0,0.0,0.0,,,0.0
13021,Tương ớt,"GIA VỊ, NƯỚC CHẤM",37.0,0.5,0.5,7.6,0.9,,25.0,564.0,16.0,0.0,84.0,,,,9.0,0.5,30.0
13022,Xì dầu,"GIA VỊ, NƯỚC CHẤM",53.0,6.3,0.04,6.8,0.8,,125.0,217.0,5637.0,0.0,70.8,,,,19.0,1.93,0.0
13023,Sốt mayonnsaise,"GIA VỊ, NƯỚC CHẤM",701.0,0.0,77.8,0.1,0.0,,486.0,14.0,25.0,0.0,21.7,,,,7.0,0.23,0.0
14001,"Bia ( cồn: 4,5 g)","Nước giải khát, bia rượu",11.0,0.5,0.0,2.3,0.0,,4.0,27.0,26.0,0.0,92.5,,,,6.0,0.1,0.0
14002,Cô nhắc ( cồn 32 g),"Nước giải khát, bia rượu",0.0,0.0,0.0,0.0,0.0,,,,,0.0,67.8,,,,,,0.0
14003,Cốc tain ( cồn 13 g),"Nước giải khát, bia rượu",63.0,0.0,0.0,15.7,0.0,,,,6.0,0.0,71.0,,,,6.0,0.36,0.0
14004,Coca Cola,"Nước giải khát, bia rượu",42.0,0.0,0.0,10.4,0.0,,,,15.0,0.0,89.4,,,,8.0,0.0,0.0
14005,Nước cam tươi,"Nước giải khát, bia rượu",23.0,0.7,0.2,4.5,0.2,,1.0,200.0,16.0,0.0,94.1,,,,26.0,0.3,54.0
14006,Nước dừa non tươi,"Nước giải khát, bia rượu",21.0,0.4,0.0,4.8,0.0,,,,29.0,0.0,94.4,,,,60.0,0.3,1.0
14007,Nước ép cà chua,"Nước giải khát, bia rượu",19.0,0.8,0.6,2.6,0.4,,269.0,229.0,13.0,0.0,94.6,,,,8.0,0.3,7.0
14008,Nước khoáng,"Nước giải khát, bia rượu",0.0,0.0,0.0,0.0,0.0,,,,0.0,0.0,99.7,0.0,0.0,0.0,5.0,0.01,0.0
14009,Nước quít tươi,"Nước giải khát, bia rượu",24.0,0.4,0.2,5.1,0.2,,1.0,178.0,24.0,0.0,93.8,,,,20.0,0.2,47.0
14010,"Rượu cam, chanh ( cồn 24,2g)","Nước giải khát, bia rượu",0.0,0.0,0.0,0.0,0.0,,,,,0.0,75.8,,,,,,0.0
14011,Rượu nếp ( 80g/ 24 ml) ( cồn 5 g),"Nước giải khát, bia rượu",167.0,4.0,0.0,37.7,0.2,,,,,0.0,52.4,,,,,,0.0
14012,Rượu trắng ( cồn 39 g),"Nước giải khát, bia rượu",273.0,0.0,0.0,0.0,0.0,,,,,0.0,61.0,,,,,,0.0
14013,Rượu vang đỏ ( cồn 9.5 g),"Nước giải khát, bia rượu",9.0,0.2,0.0,2.0,0.0,,,,10.0,0.0,88.0,,,,8.0,0.82,0.0
14014,Rượu vang trắng ( cồn 9.5 g),"Nước giải khát, bia rượu",1.0,0.1,0.0,0.2,0.0,,4.0,61.0,6.0,0.0,89.9,0.1,0.1,0.0,9.0,0.5,0.0
14015,Rượu vang trăng ngọt ( cồn 10.2 g),"Nước giải khát, bia rượu",24.0,0.2,0.0,5.9,0.0,,13.0,110.0,13.0,0.0,83.4,3.0,2.9,0.0,14.0,0.58,0.0
14016,Rượu Whisky ( 35.2 g),"Nước giải khát, bia rượu",0.0,0.0,0.0,0.0,0.0,,,,,0.0,64.7,0.0,0.0,0.0,2.0,,0.0
